,Region,Country,Year,Physical Practices Deaths,Diet Practices Deaths
0,Asia,Afghanistan,2010,14441.693069,44462.827422999995
1,Asia,Afghanistan,2011,14616.4519146,44630.582722
2,Asia,Afghanistan,2012,14803.2642516,44794.134177
3,Asia,Afghanistan,2013,15064.347602900001,45209.916315999995
4,Asia,Afghanistan,2014,15354.853022500001,45752.617463999995
5,Asia,Afghanistan,2015,15654.577927699998,46254.159578
6,Asia,Afghanistan,2016,16033.3028673,47054.543598000004
7,Asia,Afghanistan,2017,16519.107131,48246.87945000001
8,Europe,Albania,2010,5265.38439776,5200.3968549
9,Europe,Albania,2011,5460.46778653,5269.7196804
10,Europe,Albania,2012,5632.52195571,5340.9204378
11,Europe,Albania,2013,5828.45170036,5454.9051357
12,Europe,Albania,2014,6058.23968002,5631.1471586
13,Europe,Albania,2015,6204.706981820001,5719.6794119999995
14,Europe,Albania,2016,6345.13167253,5820.640356600001
15,Europe,Albania,2017,6478.29362994,5932.6909803
16,North Africa and Middle East,Algeria,2010,26121.8562543,40272.53163899999
17,North Africa and Middle East,Algeria,2011,26683.808515599998,40952.923883
18,North Africa and Middle East,Algeria,2012,27213.554298199997,41466.102994999994
19,North Africa and Middle East,Algeria,2013,27815.4609087,42224.435658
20,North Africa and Middle East,Algeria,2014,28456.447294899997,43110.841206
21,North Africa and Middle East,Algeria,2015,29128.876632099997,43987.053678
22,North Africa and Middle East,Algeria,2016,29750.965793599997,44661.270102
23,North Africa and Middle East,Algeria,2017,30536.671656500002,45730.296151999995
24,Europe,Andorra,2010,131.38964304099997,68.76241162299999
25,Europe,Andorra,2011,119.19120699200002,64.787459892
26,Europe,Andorra,2012,115.275259569,64.589554112
27,Europe,Andorra,2013,116.49886380999999,66.15859492199999
28,Europe,Andorra,2014,118.32787367899999,67.610865948
29,Europe,Andorra,2015,120.266174922,68.923289778
30,Europe,Andorra,2016,122.86855014899999,70.135190039
31,Europe,Andorra,2017,127.241519892,72.280933
32,Sub-Saharan Africa,Angola,2010,29245.245361100002,12230.356762000001
33,Sub-Saharan Africa,Angola,2011,30211.3564777,12319.104471
34,Sub-Saharan Africa,Angola,2012,31295.668143200004,12478.762972
35,Sub-Saharan Africa,Angola,2013,31944.2064465,12586.751499
36,Sub-Saharan Africa,Angola,2014,31834.568811899997,12429.533366999998
37,Sub-Saharan Africa,Angola,2015,32302.177028500002,12695.373264
38,Sub-Saharan Africa,Angola,2016,32950.9580728,13031.54674
39,Sub-Saharan Africa,Angola,2017,33619.3261613,13472.646403
40,Latin America and Carribean,Antigua and Barbuda,2010,74.964428632,84.253660395
41,Latin America and Carribean,Antigua and Barbuda,2011,76.159321744,84.736161595
42,Latin America and Carribean,Antigua and Barbuda,2012,76.87062908799999,84.74003667000001
43,Latin America and Carribean,Antigua and Barbuda,2013,77.744989605,84.957384142
44,Latin America and Carribean,Antigua and Barbuda,2014,81.44051754,86.009197562
45,Latin America and Carribean,Antigua and Barbuda,2015,82.839957302,86.00420667699998
46,Latin America and Carribean,Antigua and Barbuda,2016,83.369899171,87.944852886
47,Latin America and Carribean,Antigua and Barbuda,2017,84.807647691,89.80273681099999
48,Latin America and Carribean,Argentina,2010,71699.162349,58783.692583
49,Latin America and Carribean,Argentina,2011,72202.11383199999,58770.685998999994
50,Latin America and Carribean,Argentina,2012,72746.773694,58410.307529
51,Latin America and Carribean,Argentina,2013,72884.252123,58090.68244799999
52,Latin America and Carribean,Argentina,2014,71946.158524,56891.58741400001
53,Latin America and Carribean,Argentina,2015,72342.941982,56972.504831
54,Latin America and Carribean,Argentina,2016,73147.73032199999,58198.617319
55,Latin America and Carribean,Argentina,2017,73282.016919,58526.381257
56,Asia,Armenia,2010,6771.365858000001,8612.44407655
57,Asia,Armenia,2011,6697.7216683,8473.80415624
58,Asia,Armenia,2012,6562.777183700001,8334.52483323
59,Asia,Armenia,2013,6417.134144999999,8129.232528290001
60,Asia,Armenia,2014,6425.1917998,8030.19360002
61,Asia,Armenia,2015,6515.6483834,8108.36596869
62,Asia,Armenia,2016,6580.149937300001,8204.41532305
63,Asia,Armenia,2017,6676.4346940000005,8365.3964451
64,Oceania,Australia,2010,32717.510083499998,20576.400834
65,Oceania,Australia,2011,32915.562112,20608.386215000002
66,Oceania,Australia,2012,32555.0683823,20064.601697
67,Oceania,Australia,2013,32905.07431350001,19929.690856
68,Oceania,Australia,2014,34072.0617785,20508.331986
69,Oceania,Australia,2015,35034.7965482,21096.52003
70,Oceania,Australia,2016,35754.2866373,21854.79292
71,Oceania,Australia,2017,37227.4794153,22811.783923
72,Europe,Austria,2010,19456.5172722,13957.712501999998
73,Europe,Austria,2011,19370.9891362,13925.209251
74,Europe,Austria,2012,19404.651407100002,13889.409539
75,Europe,Austria,2013,19488.1329405,13776.073335000001
76,Europe,Austria,2014,19496.148444799997,13726.344639
77,Europe,Austria,2015,19720.033045600005,13932.908565000002
78,Europe,Austria,2016,19536.2311414,13785.084065
79,Europe,Austria,2017,19712.609138800002,13955.964727
80,Asia,Azerbaijan,2010,17204.5925192,24395.667203999998
81,Asia,Azerbaijan,2011,17582.0913207,24638.309494200003
82,Asia,Azerbaijan,2012,17846.0122882,24723.9204578
83,Asia,Azerbaijan,2013,18163.625912599997,24642.790771600005
84,Asia,Azerbaijan,2014,18375.8364081,24805.9966749
85,Asia,Azerbaijan,2015,18659.8469584,25112.0668536
86,Asia,Azerbaijan,2016,19204.7137666,25739.0922402
87,Asia,Azerbaijan,2017,19899.2841383,26556.215010300002
88,Latin America and Carribean,Bahamas,2010,436.17155021,290.500211629
89,Latin America and Carribean,Bahamas,2011,443.36353669,298.35787061699995
90,Latin America and Carribean,Bahamas,2012,450.6763625,299.498722584
91,Latin America and Carribean,Bahamas,2013,455.80512596,304.861374436
92,Latin America and Carribean,Bahamas,2014,469.97588264000007,314.63319821
93,Latin America and Carribean,Bahamas,2015,484.4895554,327.261830123
94,Latin America and Carribean,Bahamas,2016,491.30371922000006,337.822711206
95,Latin America and Carribean,Bahamas,2017,500.50140713999997,348.35024029
96,Asia,Bahrain,2010,412.43796091,472.37857772000007
97,Asia,Bahrain,2011,423.4495597,495.6115556699999
98,Asia,Bahrain,2012,434.68352208000005,516.33858079
99,Asia,Bahrain,2013,447.17846172,536.9971792200001
100,Asia,Bahrain,2014,465.3742818,563.18143282
101,Asia,Bahrain,2015,496.64472656000004,599.73561387
102,Asia,Bahrain,2016,529.26043724,636.9608609500001
103,Asia,Bahrain,2017,564.1785843600001,676.8487552199999
104,Asia,Bangladesh,2010,113314.065126,216029.74182
105,Asia,Bangladesh,2011,111535.121023,214501.77081000002
106,Asia,Bangladesh,2012,110340.35660199999,214332.8148
107,Asia,Bangladesh,2013,112083.566518,215779.95955
108,Asia,Bangladesh,2014,116926.97465899998,219899.08105999997
109,Asia,Bangladesh,2015,119011.52284199999,223220.28778
110,Asia,Bangladesh,2016,122619.243987,229360.90536
111,Asia,Bangladesh,2017,128892.939217,237270.65517999997
112,Latin America and Carribean,Barbados,2010,359.528714,376.32473961
113,Latin America and Carribean,Barbados,2011,365.37904439,382.82718757
114,Latin America and Carribean,Barbados,2012,366.84009661,383.56293645
115,Latin America and Carribean,Barbados,2013,375.74087492,394.01811248
116,Latin America and Carribean,Barbados,2014,388.54617306,409.35389137000004
117,Latin America and Carribean,Barbados,2015,399.90281975000005,419.80188959000003
118,Latin America and Carribean,Barbados,2016,409.30012391,430.96193803
119,Latin America and Carribean,Barbados,2017,420.04179558,443.40723146000005
120,Europe,Belarus,2010,52546.46436400001,55058.983371
121,Europe,Belarus,2011,53373.758904400005,55184.931532
122,Europe,Belarus,2012,47475.2504857,49401.198881000004
123,Europe,Belarus,2013,46644.53007269999,48917.373305
124,Europe,Belarus,2014,45663.355902899995,47676.637372
125,Europe,Belarus,2015,44113.622179,45690.03757
126,Europe,Belarus,2016,43682.27925590001,45611.808541
127,Europe,Belarus,2017,44164.6783175,45943.593401
128,Europe,Belgium,2010,31753.1853228,14780.804193
129,Europe,Belgium,2011,31819.5436508,14778.616548999998
130,Europe,Belgium,2012,32035.742747,14852.198418
131,Europe,Belgium,2013,31619.310357800005,14720.134439
132,Europe,Belgium,2014,30535.605206200005,14147.475132
133,Europe,Belgium,2015,30675.900515400004,14434.924937999998
134,Europe,Belgium,2016,29910.293373,14268.804659999998
135,Europe,Belgium,2017,29679.897330800002,14406.944950999998
136,Latin America and Carribean,Belize,2010,336.61055375,215.2908907
137,Latin America and Carribean,Belize,2011,344.93046834,218.05818714000003
138,Latin America and Carribean,Belize,2012,354.25173184,220.21022736999998
139,Latin America and Carribean,Belize,2013,368.81844478999994,225.70400196
140,Latin America and Carribean,Belize,2014,392.51006736,233.55628657
141,Latin America and Carribean,Belize,2015,415.26205815,242.87762947
142,Latin America and Carribean,Belize,2016,424.36699805,253.88904111
143,Latin America and Carribean,Belize,2017,437.66899465999995,264.67021358
144,Sub-Saharan Africa,Benin,2010,5903.6747987,4903.8712592
145,Sub-Saharan Africa,Benin,2011,5741.3418888,5070.4267541
146,Sub-Saharan Africa,Benin,2012,5700.7234166,5236.1459743
147,Sub-Saharan Africa,Benin,2013,5882.2680316000005,5365.8890136
148,Sub-Saharan Africa,Benin,2014,6025.9085915,5473.8549428
149,Sub-Saharan Africa,Benin,2015,6021.9870025,5580.6065624
150,Sub-Saharan Africa,Benin,2016,5965.3589703,5687.5697288
151,Sub-Saharan Africa,Benin,2017,5917.5926021000005,5802.6265077
152,North America,Bermuda,2010,117.91630305700001,67.10097077200001
153,North America,Bermuda,2011,118.73296159799999,67.856718326
154,North America,Bermuda,2012,121.58734927399999,69.32127130800001
155,North America,Bermuda,2013,123.516074112,70.567872805
156,North America,Bermuda,2014,126.53923756100001,71.305728464
157,North America,Bermuda,2015,128.360626271,72.038479676
158,North America,Bermuda,2016,129.588040111,73.904039673
159,North America,Bermuda,2017,131.64927864199998,75.81192243000001
160,Asia,Bhutan,2010,509.20706249,717.6583911
161,Asia,Bhutan,2011,521.3150567800001,736.1854917
162,Asia,Bhutan,2012,534.31482261,755.1601031000001
163,Asia,Bhutan,2013,548.4766369099999,775.2104888
164,Asia,Bhutan,2014,562.5979126100001,795.5647516
165,Asia,Bhutan,2015,577.3817361999999,814.9401571999999
166,Asia,Bhutan,2016,592.1447463300001,833.6157646
167,Asia,Bhutan,2017,607.76710702,850.7704417
168,Latin America and Carribean,Bolivia,2010,8153.1554859,9213.852859
169,Latin America and Carribean,Bolivia,2011,8344.1449799,9404.787697
170,Latin America and Carribean,Bolivia,2012,8517.7047295,9573.166842999999
171,Latin America and Carribean,Bolivia,2013,8683.0243226,9756.880471999999
172,Latin America and Carribean,Bolivia,2014,8837.8095855,9943.207211
173,Latin America and Carribean,Bolivia,2015,8967.3635673,10125.302614
174,Latin America and Carribean,Bolivia,2016,9111.875929,10360.538093
175,Latin America and Carribean,Bolivia,2017,9254.575437399999,10579.94168
176,Europe,Bosnia and Herzegovina,2010,12380.008146,9469.7624309
177,Europe,Bosnia and Herzegovina,2011,12492.844111800001,9432.3820056
178,Europe,Bosnia and Herzegovina,2012,12471.956263099999,9343.440572399999
179,Europe,Bosnia and Herzegovina,2013,12750.2367357,9442.3977457
180,Europe,Bosnia and Herzegovina,2014,12949.533591599999,9502.7226006
181,Europe,Bosnia and Herzegovina,2015,13299.559540200002,9683.8983208
182,Europe,Bosnia and Herzegovina,2016,13410.295039800001,9637.1445168
183,Europe,Bosnia and Herzegovina,2017,13547.0655816,9616.4030938
184,Sub-Saharan Africa,Botswana,2010,11494.7134409,1548.6087783
185,Sub-Saharan Africa,Botswana,2011,10541.825853999999,1600.2164364999999
186,Sub-Saharan Africa,Botswana,2012,9599.4806789,1614.3099923
187,Sub-Saharan Africa,Botswana,2013,8745.7951715,1642.9112401999998
188,Sub-Saharan Africa,Botswana,2014,7983.2480744,1679.2885411
189,Sub-Saharan Africa,Botswana,2015,7379.5336732,1698.6038517
190,Sub-Saharan Africa,Botswana,2016,6732.6687744,1694.1544063000001
191,Sub-Saharan Africa,Botswana,2017,6186.401499799999,1718.3283259
192,Latin America and Carribean,Brazil,2010,295995.42852,212434.82423
193,Latin America and Carribean,Brazil,2011,298981.58202,214137.08297999998
194,Latin America and Carribean,Brazil,2012,298864.74435,213266.40388
195,Latin America and Carribean,Brazil,2013,300603.41938,213876.98514
196,Latin America and Carribean,Brazil,2014,300697.06655000005,214107.78839
197,Latin America and Carribean,Brazil,2015,303901.17919000005,217134.17771000002
198,Latin America and Carribean,Brazil,2016,312332.33706999995,225452.4021
199,Latin America and Carribean,Brazil,2017,321796.27913000004,234644.51374999998
200,Asia,Brunei,2010,302.63952266,361.69010466
201,Asia,Brunei,2011,315.57186452999997,372.77814672999995
202,Asia,Brunei,2012,327.24829787,383.83798269999994
203,Asia,Brunei,2013,337.96602724,396.16574696
204,Asia,Brunei,2014,347.79263134,408.49003293000004
205,Asia,Brunei,2015,359.85261394,422.52803985
206,Asia,Brunei,2016,370.22772129000003,439.03000438000004
207,Asia,Brunei,2017,380.57659208,457.84871637000003
208,Europe,Bulgaria,2010,32446.6624362,38995.556674
209,Europe,Bulgaria,2011,32230.077777700004,38392.441760999995
210,Europe,Bulgaria,2012,31543.2834525,37069.723834000004
211,Europe,Bulgaria,2013,31029.756555199998,36149.307011
212,Europe,Bulgaria,2014,32044.3423487,37323.203597
213,Europe,Bulgaria,2015,31451.778208599997,36609.732478
214,Europe,Bulgaria,2016,31535.106817300002,36512.607806
215,Europe,Bulgaria,2017,31544.1482758,36679.358811
216,Sub-Saharan Africa,Burkina Faso,2010,17063.7493957,11464.6208547
217,Sub-Saharan Africa,Burkina Faso,2011,16361.5202542,11769.297924999999
218,Sub-Saharan Africa,Burkina Faso,2012,16167.6435896,12204.702161000001
219,Sub-Saharan Africa,Burkina Faso,2013,16017.7010492,12578.198385
220,Sub-Saharan Africa,Burkina Faso,2014,15767.285321700001,12945.86651
221,Sub-Saharan Africa,Burkina Faso,2015,15488.151891,13317.884973999999
222,Sub-Saharan Africa,Burkina Faso,2016,15262.3838493,13635.328757
223,Sub-Saharan Africa,Burkina Faso,2017,15101.2974502,13918.824008
224,Sub-Saharan Africa,Burundi,2010,18815.139758100002,5852.5576055
225,Sub-Saharan Africa,Burundi,2011,17865.9258555,5981.154265200001
226,Sub-Saharan Africa,Burundi,2012,17279.6221945,6120.6340982
227,Sub-Saharan Africa,Burundi,2013,16848.198551499998,6242.228074199999
228,Sub-Saharan Africa,Burundi,2014,16384.722435599997,6360.5213496999995
229,Sub-Saharan Africa,Burundi,2015,15895.650996999999,6505.366774000001
230,Sub-Saharan Africa,Burundi,2016,15409.7831635,6669.672292900001
231,Sub-Saharan Africa,Burundi,2017,15222.384850099997,6890.6688472999995
232,Asia,Cambodia,2010,24750.3269123,15623.015368999999
233,Asia,Cambodia,2011,24747.540807400004,15789.764168000002
234,Asia,Cambodia,2012,24824.8522425,15975.008198000001
235,Asia,Cambodia,2013,25053.9948973,16236.942035
236,Asia,Cambodia,2014,25278.039997300002,16560.044764
237,Asia,Cambodia,2015,25647.6630585,16901.84794
238,Asia,Cambodia,2016,26027.089335500004,17383.961728000002
239,Asia,Cambodia,2017,26403.1875584,17860.364974
240,Sub-Saharan Africa,Cameroon,2010,47685.5092,11379.748872
241,Sub-Saharan Africa,Cameroon,2011,47163.732405,11475.423997
242,Sub-Saharan Africa,Cameroon,2012,46249.509920000004,11563.325032
243,Sub-Saharan Africa,Cameroon,2013,45780.023255,11638.299553
244,Sub-Saharan Africa,Cameroon,2014,45527.430211,11779.668741
245,Sub-Saharan Africa,Cameroon,2015,44882.342343,11939.708377
246,Sub-Saharan Africa,Cameroon,2016,43269.684826,12078.687824
247,Sub-Saharan Africa,Cameroon,2017,40993.211557,12207.745002
248,North America,Canada,2010,61101.75976,40365.194818
249,North America,Canada,2011,60690.609527,40040.551358000004
250,North America,Canada,2012,62097.912151,40988.752511
251,North America,Canada,2013,62042.241395,40759.96631
252,North America,Canada,2014,64096.900053,42599.745535
253,North America,Canada,2015,65668.743567,44179.0384
254,North America,Canada,2016,65890.862119,44912.506939
255,North America,Canada,2017,66763.82453,45996.059797
256,Sub-Saharan Africa,Cape Verde,2010,527.56771645,401.62568825
257,Sub-Saharan Africa,Cape Verde,2011,529.94237215,408.53114072000005
258,Sub-Saharan Africa,Cape Verde,2012,533.68414557,418.39587352
259,Sub-Saharan Africa,Cape Verde,2013,533.09473995,425.14075006
260,Sub-Saharan Africa,Cape Verde,2014,530.2338240400001,432.02065534
261,Sub-Saharan Africa,Cape Verde,2015,533.29752847,440.08190783000003
262,Sub-Saharan Africa,Cape Verde,2016,537.3458951399999,452.89917486999997
263,Sub-Saharan Africa,Cape Verde,2017,536.50104191,462.26015089000003
264,Sub-Saharan Africa,Central African Republic,2010,15748.5926498,4441.3346512
265,Sub-Saharan Africa,Central African Republic,2011,15457.9414686,4560.859653699999
266,Sub-Saharan Africa,Central African Republic,2012,14971.324690599999,4628.8120614
267,Sub-Saharan Africa,Central African Republic,2013,14596.8103736,4790.5293058
268,Sub-Saharan Africa,Central African Republic,2014,14012.986512899999,4905.1647407
269,Sub-Saharan Africa,Central African Republic,2015,13319.0935414,5054.6669873
270,Sub-Saharan Africa,Central African Republic,2016,12768.621238400001,5180.6955717
271,Sub-Saharan Africa,Central African Republic,2017,12221.286157100001,5272.4713663
272,Sub-Saharan Africa,Chad,2010,11303.8403232,8157.7053808
273,Sub-Saharan Africa,Chad,2011,11098.7990634,8368.6305192
274,Sub-Saharan Africa,Chad,2012,11057.9402625,8557.583603899999
275,Sub-Saharan Africa,Chad,2013,10952.463382400001,8686.4903789
276,Sub-Saharan Africa,Chad,2014,10605.9641839,8872.6499462
277,Sub-Saharan Africa,Chad,2015,10080.859008300002,9093.9065566
278,Sub-Saharan Africa,Chad,2016,10153.991808899998,9337.4450912
279,Sub-Saharan Africa,Chad,2017,10516.1391835,9558.242813100002
280,Latin America and Carribean,Chile,2010,18424.427229,17632.154208
281,Latin America and Carribean,Chile,2011,18352.303894,17399.060622999998
282,Latin America and Carribean,Chile,2012,18530.804732,17541.683761
283,Latin America and Carribean,Chile,2013,19022.234724,17903.034946
284,Latin America and Carribean,Chile,2014,19082.581938,17837.119433
285,Latin America and Carribean,Chile,2015,19505.002049000002,18228.593643999997
286,Latin America and Carribean,Chile,2016,19925.666836,18748.396746
287,Latin America and Carribean,Chile,2017,20536.100596,19544.514751
288,Asia,China,2010,2751590.81596,3219672.2600000002
289,Asia,China,2011,2814254.1776,3325084.9252000004
290,Asia,China,2012,2868313.1247,3410344.9113999996
291,Asia,China,2013,2886057.6034,3441244.5707
292,Asia,China,2014,3017412.94796,3585409.1184
293,Asia,China,2015,3179146.76304,3741135.8577999994
294,Asia,China,2016,3288407.4441299997,3824415.0875000004
295,Asia,China,2017,3320322.4854300003,3800443.4222
296,Latin America and Carribean,Colombia,2010,39680.625071,37708.360807000005
297,Latin America and Carribean,Colombia,2011,38413.337276,36748.537568
298,Latin America and Carribean,Colombia,2012,38453.883183,37305.058103
299,Latin America and Carribean,Colombia,2013,38726.126597999995,37801.409564
300,Latin America and Carribean,Colombia,2014,38492.877035000005,38511.995232
301,Latin America and Carribean,Colombia,2015,39695.28401,40159.601981
302,Latin America and Carribean,Colombia,2016,41064.619943,41602.64509799999
303,Latin America and Carribean,Colombia,2017,42279.919955000005,43032.737986
304,Sub-Saharan Africa,Comoros,2010,298.35378241499996,629.5329509599999
305,Sub-Saharan Africa,Comoros,2011,307.00566218,644.44827121
306,Sub-Saharan Africa,Comoros,2012,311.07980897000004,658.19117693
307,Sub-Saharan Africa,Comoros,2013,316.66178026,671.79341236
308,Sub-Saharan Africa,Comoros,2014,321.94087464000006,685.46262759
309,Sub-Saharan Africa,Comoros,2015,327.88527395999995,698.90270078
310,Sub-Saharan Africa,Comoros,2016,333.92777526,715.2490748800001
311,Sub-Saharan Africa,Comoros,2017,340.18600811,732.92668914
312,Sub-Saharan Africa,Congo,2010,8371.9929366,3896.8361330999996
313,Sub-Saharan Africa,Congo,2011,8232.0465358,3900.266815
314,Sub-Saharan Africa,Congo,2012,8327.9390437,3975.3236663999996
315,Sub-Saharan Africa,Congo,2013,8465.7594881,4045.6573739
316,Sub-Saharan Africa,Congo,2014,8647.8044594,4143.1553268
317,Sub-Saharan Africa,Congo,2015,8667.3138329,4236.9745854
318,Sub-Saharan Africa,Congo,2016,8790.7353272,4326.5933223
319,Sub-Saharan Africa,Congo,2017,9108.595123300001,4480.5690819
320,Latin America and Carribean,Costa Rica,2010,3686.3620589,3132.9770638
321,Latin America and Carribean,Costa Rica,2011,3666.8541787999998,3127.2995834
322,Latin America and Carribean,Costa Rica,2012,3749.0043812,3200.8058427
323,Latin America and Carribean,Costa Rica,2013,3809.0499831999996,3272.9237341
324,Latin America and Carribean,Costa Rica,2014,3924.3544745000004,3404.8132957999997
325,Latin America and Carribean,Costa Rica,2015,4128.701748500001,3650.2912201000004
326,Latin America and Carribean,Costa Rica,2016,4438.7617421,3990.5566524
327,Latin America and Carribean,Costa Rica,2017,4560.5219809,4133.312062999999
328,Sub-Saharan Africa,Cote d'Ivoire,2010,41764.865613,16922.1745
329,Sub-Saharan Africa,Cote d'Ivoire,2011,41268.908154000004,17142.141993
330,Sub-Saharan Africa,Cote d'Ivoire,2012,39287.111082999996,17426.004303
331,Sub-Saharan Africa,Cote d'Ivoire,2013,37970.000480999995,17668.090384
332,Sub-Saharan Africa,Cote d'Ivoire,2014,36425.949242,17909.772686
333,Sub-Saharan Africa,Cote d'Ivoire,2015,34723.938818,18065.568687000003
334,Sub-Saharan Africa,Cote d'Ivoire,2016,33051.986428,18091.457339
335,Sub-Saharan Africa,Cote d'Ivoire,2017,31156.869125,18184.072127
336,Europe,Croatia,2010,16542.6525449,14730.363033
337,Europe,Croatia,2011,16258.538727499998,14426.36564
338,Europe,Croatia,2012,16113.0345449,14172.001555000003
339,Europe,Croatia,2013,15337.1626457,13483.694496
340,Europe,Croatia,2014,15631.713685000002,13638.386588
341,Europe,Croatia,2015,16104.8020736,14155.399013
342,Europe,Croatia,2016,15278.961358499999,13451.621991
343,Europe,Croatia,2017,15178.7607089,13557.403456
344,Latin America and Carribean,Cuba,2010,24897.9143489,15601.842143000002
345,Latin America and Carribean,Cuba,2011,23964.383031900004,14583.713992
346,Latin America and Carribean,Cuba,2012,25022.143631600004,14869.796653000001
347,Latin America and Carribean,Cuba,2013,25696.664838799996,15022.341162
348,Latin America and Carribean,Cuba,2014,26430.784438600003,15378.232344999999
349,Latin America and Carribean,Cuba,2015,27693.7348567,16061.979679
350,Latin America and Carribean,Cuba,2016,27974.216585899998,16421.612214
351,Latin America and Carribean,Cuba,2017,28075.411430300002,16532.948934
352,Asia,Cyprus,2010,1771.1397067399998,1398.1252233999999
353,Asia,Cyprus,2011,1763.12221994,1375.7705155
354,Asia,Cyprus,2012,1774.59021323,1364.7228913
355,Asia,Cyprus,2013,1811.41948188,1383.8071414
356,Asia,Cyprus,2014,1848.4707392100001,1416.1532892
357,Asia,Cyprus,2015,1888.6233529899998,1451.0620035
358,Asia,Cyprus,2016,1926.87015584,1493.0540061000002
359,Asia,Cyprus,2017,1988.26957377,1546.5407326
360,Europe,Czechia,2010,35826.681941799994,31051.380611
361,Europe,Czechia,2011,35605.425310800005,31117.22477
362,Europe,Czechia,2012,35272.977914799994,31052.477131
363,Europe,Czechia,2013,34898.6499684,30768.394032000004
364,Europe,Czechia,2014,33935.952668499995,29872.267379999998
365,Europe,Czechia,2015,34196.1453156,30300.598618999997
366,Europe,Czechia,2016,33987.0048779,30231.516058
367,Europe,Czechia,2017,34170.1676169,30586.078833
368,Sub-Saharan Africa,Democratic Republic of Congo,2010,76878.210708,47012.259522
369,Sub-Saharan Africa,Democratic Republic of Congo,2011,76298.44168,48275.119075999995
370,Sub-Saharan Africa,Democratic Republic of Congo,2012,75081.00247899999,49412.210473
371,Sub-Saharan Africa,Democratic Republic of Congo,2013,72817.303243,50033.49849300001
372,Sub-Saharan Africa,Democratic Republic of Congo,2014,70451.819718,50805.179588
373,Sub-Saharan Africa,Democratic Republic of Congo,2015,68200.292745,51535.57466600001
374,Sub-Saharan Africa,Democratic Republic of Congo,2016,65656.49437700001,52570.386884
375,Sub-Saharan Africa,Democratic Republic of Congo,2017,63404.60359299999,53902.015597
376,Europe,Denmark,2010,19708.161713700003,7223.907278000001
377,Europe,Denmark,2011,18794.827382099997,6783.079984999999
378,Europe,Denmark,2012,18290.114156,6556.406621099999
379,Europe,Denmark,2013,17889.5771439,6413.2269485
380,Europe,Denmark,2014,17299.577215899997,6224.6977239
381,Europe,Denmark,2015,16992.6500757,6182.8642453
382,Europe,Denmark,2016,17043.93463,6385.7049472
383,Europe,Denmark,2017,17059.7431925,6570.842371
384,Sub-Saharan Africa,Djibouti,2010,1342.75089483,703.32899066
385,Sub-Saharan Africa,Djibouti,2011,1354.22091415,723.34282546
386,Sub-Saharan Africa,Djibouti,2012,1345.62436671,746.00165751
387,Sub-Saharan Africa,Djibouti,2013,1333.60914756,770.0769189600001
388,Sub-Saharan Africa,Djibouti,2014,1322.00871275,798.77631111
389,Sub-Saharan Africa,Djibouti,2015,1302.3438751200001,825.6638729900001
390,Sub-Saharan Africa,Djibouti,2016,1286.27930431,857.71675932
391,Sub-Saharan Africa,Djibouti,2017,1264.44485292,888.77912268
392,Latin America and Carribean,Dominica,2010,91.837212,94.13930084
393,Latin America and Carribean,Dominica,2011,94.03065436399999,95.87902169
394,Latin America and Carribean,Dominica,2012,96.106127682,97.86843939
395,Latin America and Carribean,Dominica,2013,98.308643644,98.77879093
396,Latin America and Carribean,Dominica,2014,102.208169902,100.2108164
397,Latin America and Carribean,Dominica,2015,104.812705254,100.56952661
398,Latin America and Carribean,Dominica,2016,104.035784248,101.42406399
399,Latin America and Carribean,Dominica,2017,104.59848714499999,101.682073
400,Latin America and Carribean,Dominican Republic,2010,12881.0252712,9821.5028981
401,Latin America and Carribean,Dominican Republic,2011,12906.2661029,9948.5713606
402,Latin America and Carribean,Dominican Republic,2012,13355.7820795,10468.375695699999
403,Latin America and Carribean,Dominican Republic,2013,13999.4346079,11164.219065700001
404,Latin America and Carribean,Dominican Republic,2014,14625.5459979,11904.108951499999
405,Latin America and Carribean,Dominican Republic,2015,15095.2881395,12446.8683785
406,Latin America and Carribean,Dominican Republic,2016,15429.3382438,12810.166837600002
407,Latin America and Carribean,Dominican Republic,2017,15411.7858328,12811.093724400002
408,Latin America and Carribean,Ecuador,2010,15235.7234658,11185.315833999999
409,Latin America and Carribean,Ecuador,2011,15328.3441102,11421.9345756
410,Latin America and Carribean,Ecuador,2012,15248.792094999999,11541.8794922
411,Latin America and Carribean,Ecuador,2013,14974.6279515,11431.680682899998
412,Latin America and Carribean,Ecuador,2014,14969.0508555,11555.2362966
413,Latin America and Carribean,Ecuador,2015,14939.3621337,11736.256705000002
414,Latin America and Carribean,Ecuador,2016,15488.137576199999,12311.674666199999
415,Latin America and Carribean,Ecuador,2017,15750.5070086,12627.795289900001
416,North Africa and Middle East,Egypt,2010,87059.2355153,109761.54643399999
417,North Africa and Middle East,Egypt,2011,89479.1766613,110845.09252499999
418,North Africa and Middle East,Egypt,2012,91494.4338623,114179.142632
419,North Africa and Middle East,Egypt,2013,91738.2204414,113631.512518
420,North Africa and Middle East,Egypt,2014,93046.6335757,116286.17351499999
421,North Africa and Middle East,Egypt,2015,97040.9014441,122157.52096299999
422,North Africa and Middle East,Egypt,2016,99634.7903555,125352.662238
423,North Africa and Middle East,Egypt,2017,102328.509088,128875.367773
424,Latin America and Carribean,El Salvador,2010,6785.437219699999,6132.445385000001
425,Latin America and Carribean,El Salvador,2011,6785.36484,6248.05037
426,Latin America and Carribean,El Salvador,2012,7129.758252500001,6024.433985199999
427,Latin America and Carribean,El Salvador,2013,7290.6129734,6254.51336
428,Latin America and Carribean,El Salvador,2014,7743.0222023999995,6687.773010999999
429,Latin America and Carribean,El Salvador,2015,7966.6989402,6801.343981000001
430,Latin America and Carribean,El Salvador,2016,7484.2505188000005,6834.124357999999
431,Latin America and Carribean,El Salvador,2017,7519.918425599999,6888.005314999999
432,Europe,England,2010,102889.33062300002,71570.71927999999
433,Europe,England,2011,100647.58462699997,69047.32363
434,Europe,England,2012,100005.50548600001,68351.45491
435,Europe,England,2013,101600.57754900001,68920.90809000001
436,Europe,England,2014,101047.60853900002,67913.96900000001
437,Europe,England,2015,102965.57838999998,69107.62601
438,Europe,England,2016,103964.593126,69402.48593000001
439,Europe,England,2017,104112.36891200002,70627.43541
440,Sub-Saharan Africa,Equatorial Guinea,2010,1852.86122105,287.39920252
441,Sub-Saharan Africa,Equatorial Guinea,2011,1968.9633267899999,286.61369254
442,Sub-Saharan Africa,Equatorial Guinea,2012,2071.93360483,290.55519135
443,Sub-Saharan Africa,Equatorial Guinea,2013,2076.28282504,294.01489066
444,Sub-Saharan Africa,Equatorial Guinea,2014,2082.9267631499997,301.9480219
445,Sub-Saharan Africa,Equatorial Guinea,2015,2173.22615519,314.04610729
446,Sub-Saharan Africa,Equatorial Guinea,2016,2226.81935328,330.63846098
447,Sub-Saharan Africa,Equatorial Guinea,2017,2173.05344914,347.06549566
448,Sub-Saharan Africa,Eritrea,2010,6132.5632891000005,3634.1272133999996
449,Sub-Saharan Africa,Eritrea,2011,5898.9064383,3668.3213407
450,Sub-Saharan Africa,Eritrea,2012,5689.6046252999995,3699.9182451000006
451,Sub-Saharan Africa,Eritrea,2013,5507.367351700001,3728.8105923
452,Sub-Saharan Africa,Eritrea,2014,5325.944233599999,3751.1636047
453,Sub-Saharan Africa,Eritrea,2015,5209.2243195,3815.1626459999998
454,Sub-Saharan Africa,Eritrea,2016,5163.4418856,3863.9649928
455,Sub-Saharan Africa,Eritrea,2017,5158.1199715,3929.1750643
456,Europe,Estonia,2010,4802.213991879999,4524.2575056999995
457,Europe,Estonia,2011,4788.4160923,4360.1923483
458,Europe,Estonia,2012,4805.43294023,4257.2240959
459,Europe,Estonia,2013,4621.41524817,4112.251031
460,Europe,Estonia,2014,4681.066731100001,4047.0104846000004
461,Europe,Estonia,2015,4472.819863170001,3892.6055573000003
462,Europe,Estonia,2016,4446.83803026,3969.7228158
463,Europe,Estonia,2017,4465.146629860001,4051.1245744
464,Sub-Saharan Africa,Eswatini,2010,9174.7652253,1120.1012046
465,Sub-Saharan Africa,Eswatini,2011,8544.8388851,1105.5115635999998
466,Sub-Saharan Africa,Eswatini,2012,7994.792987,1104.1330908
467,Sub-Saharan Africa,Eswatini,2013,7350.964739600001,1099.1186529000001
468,Sub-Saharan Africa,Eswatini,2014,6218.460634,1075.8321744
469,Sub-Saharan Africa,Eswatini,2015,5038.9799330000005,1046.6366879999998
470,Sub-Saharan Africa,Eswatini,2016,4124.8836562999995,1028.9351365
471,Sub-Saharan Africa,Eswatini,2017,3513.1746662,1015.294443
472,Sub-Saharan Africa,Ethiopia,2010,75576.59228800001,42436.248655
473,Sub-Saharan Africa,Ethiopia,2011,68183.46634000001,42120.963904
474,Sub-Saharan Africa,Ethiopia,2012,62992.058363,41998.606701000004
475,Sub-Saharan Africa,Ethiopia,2013,59332.307874000006,41718.714418
476,Sub-Saharan Africa,Ethiopia,2014,55899.386658999996,41967.574173
477,Sub-Saharan Africa,Ethiopia,2015,53651.981363,42501.419616
478,Sub-Saharan Africa,Ethiopia,2016,51624.065562,43282.801488
479,Sub-Saharan Africa,Ethiopia,2017,49942.638122,44185.094093
480,Oceania,Fiji,2010,1225.73028701,2507.4497102000005
481,Oceania,Fiji,2011,1247.27580914,2536.4266463
482,Oceania,Fiji,2012,1273.81215404,2584.7847045
483,Oceania,Fiji,2013,1293.37440952,2615.5807215999994
484,Oceania,Fiji,2014,1309.3669665,2643.7004855
485,Oceania,Fiji,2015,1324.5025782900002,2670.8655955
486,Oceania,Fiji,2016,1339.3407638200001,2703.7060772
487,Oceania,Fiji,2017,1346.16821439,2731.317049
488,Europe,Finland,2010,10688.860747300001,11052.675491
489,Europe,Finland,2011,10532.826635,10853.408165
490,Europe,Finland,2012,10442.581212000001,10763.581633
491,Europe,Finland,2013,10431.8529712,10674.751529000001
492,Europe,Finland,2014,10238.0991532,10471.612161000001
493,Europe,Finland,2015,10105.3776013,10430.448365
494,Europe,Finland,2016,10372.3517377,10834.983538
495,Europe,Finland,2017,10629.305161799999,11177.342485000001
496,Europe,France,2010,148659.95687799997,71533.8046
497,Europe,France,2011,147489.797058,71507.69241
498,Europe,France,2012,146072.388974,71664.89449
499,Europe,France,2013,143808.126677,70886.18997
500,Europe,France,2014,140194.464663,69615.39082
501,Europe,France,2015,140572.247475,71080.03223
502,Europe,France,2016,138432.9456,71112.51649
503,Europe,France,2017,138288.737328,72488.1715
504,Sub-Saharan Africa,Gabon,2010,3638.1866251700003,1137.9070579
505,Sub-Saharan Africa,Gabon,2011,3502.58900032,1149.3494110000001
506,Sub-Saharan Africa,Gabon,2012,3340.90559942,1155.3184111
507,Sub-Saharan Africa,Gabon,2013,3107.0657149500003,1157.2515253000001
508,Sub-Saharan Africa,Gabon,2014,2898.87680027,1168.0852115999999
509,Sub-Saharan Africa,Gabon,2015,2710.14351436,1179.4399663
510,Sub-Saharan Africa,Gabon,2016,2486.28690418,1195.7958128
511,Sub-Saharan Africa,Gabon,2017,2295.76990962,1215.9576834
512,Sub-Saharan Africa,Gambia,2010,2130.53524882,1609.6763027
513,Sub-Saharan Africa,Gambia,2011,2109.06961335,1656.6261553999998
514,Sub-Saharan Africa,Gambia,2012,2088.05604365,1705.2973289999998
515,Sub-Saharan Africa,Gambia,2013,2098.61120945,1753.2033030999999
516,Sub-Saharan Africa,Gambia,2014,2108.92996352,1798.0117641
517,Sub-Saharan Africa,Gambia,2015,2112.9436458,1841.5013238000001
518,Sub-Saharan Africa,Gambia,2016,2086.4302281,1876.7815119
519,Sub-Saharan Africa,Gambia,2017,2029.9729805,1915.1890956
520,Asia,Georgia,2010,10842.829706699998,21540.864272
521,Asia,Georgia,2011,10970.003470200001,20861.346991
522,Asia,Georgia,2012,10942.2007069,19760.197744999998
523,Asia,Georgia,2013,10828.333867899999,19219.666726
524,Asia,Georgia,2014,10806.0044053,18717.624757999998
525,Asia,Georgia,2015,11009.239354099998,18956.444872
526,Asia,Georgia,2016,11300.978527,19742.729039
527,Asia,Georgia,2017,11299.2844023,19776.626648
528,Europe,Germany,2010,217574.935919,161969.31649
529,Europe,Germany,2011,216142.006443,161164.32784
530,Europe,Germany,2012,214957.696034,160380.58414999998
531,Europe,Germany,2013,218799.90879000002,164093.62344
532,Europe,Germany,2014,215088.47100700001,160820.37205
533,Europe,Germany,2015,222664.92070199997,168297.59169
534,Europe,Germany,2016,227936.244569,173975.65211
535,Europe,Germany,2017,226752.03454899997,171584.97559
536,Sub-Saharan Africa,Ghana,2010,43129.71293,21943.159408000003
537,Sub-Saharan Africa,Ghana,2011,42267.196876,22202.650912999998
538,Sub-Saharan Africa,Ghana,2012,41205.461903999996,22330.495694
539,Sub-Saharan Africa,Ghana,2013,40806.599696,22485.77358
540,Sub-Saharan Africa,Ghana,2014,40663.618527,22840.847021999998
541,Sub-Saharan Africa,Ghana,2015,40867.135269000006,23247.897313999998
542,Sub-Saharan Africa,Ghana,2016,40832.86822900001,23634.08113
543,Sub-Saharan Africa,Ghana,2017,40197.997863,23929.715796
544,Europe,Greece,2010,32101.501725799997,18048.443892
545,Europe,Greece,2011,32880.6357673,18784.125149
546,Europe,Greece,2012,33446.129430400004,19511.963641
547,Europe,Greece,2013,32303.4676897,19027.700636999998
548,Europe,Greece,2014,32227.9325368,18848.386185000003
549,Europe,Greece,2015,33129.923493,19553.474954999998
550,Europe,Greece,2016,33391.90356009999,20554.267837
551,Europe,Greece,2017,33696.12934,21322.854769999998
552,North America,Greenland,2010,155.074066521,58.460017714
553,North America,Greenland,2011,154.82577592799996,58.211860066
554,North America,Greenland,2012,154.19395448,58.117031712
555,North America,Greenland,2013,154.63170268000002,58.189893709
556,North America,Greenland,2014,154.73998982900002,58.382145419000004
557,North America,Greenland,2015,159.09995835900003,61.174548317
558,North America,Greenland,2016,160.16665066299998,61.468209602
559,North America,Greenland,2017,161.958550854,62.244471702
560,Latin America and Carribean,Grenada,2010,154.955286073,170.98001714
561,Latin America and Carribean,Grenada,2011,161.58599097399997,177.55063571
562,Latin America and Carribean,Grenada,2012,163.428033264,180.34223973000002
563,Latin America and Carribean,Grenada,2013,169.36974379699998,187.11826766000001
564,Latin America and Carribean,Grenada,2014,177.965739684,195.02125138000002
565,Latin America and Carribean,Grenada,2015,184.01004740700003,200.87507453
566,Latin America and Carribean,Grenada,2016,187.731311731,211.57652267999998
567,Latin America and Carribean,Grenada,2017,191.391118357,214.36579981
568,Oceania,Guam,2010,154.977309172,321.44465879
569,Oceania,Guam,2011,159.37864475,328.74435354
570,Oceania,Guam,2012,164.61905921900004,340.29358715
571,Oceania,Guam,2013,168.212734652,347.62678019
572,Oceania,Guam,2014,172.870635743,357.97188038
573,Oceania,Guam,2015,178.69666395800002,369.68491347
574,Oceania,Guam,2016,182.88509811100005,379.96706741
575,Oceania,Guam,2017,186.26570583999998,390.09353849
576,Latin America and Carribean,Guatemala,2010,12567.9041787,7855.2302125999995
577,Latin America and Carribean,Guatemala,2011,12664.615908099999,8195.4699583
578,Latin America and Carribean,Guatemala,2012,12737.456033499999,8518.4643923
579,Latin America and Carribean,Guatemala,2013,12932.1794867,8773.3479414
580,Latin America and Carribean,Guatemala,2014,13463.9692399,9352.328415
581,Latin America and Carribean,Guatemala,2015,13820.4365934,9758.374667
582,Latin America and Carribean,Guatemala,2016,14901.264436099998,10449.40681
583,Latin America and Carribean,Guatemala,2017,15559.1117599,10866.449716
584,Sub-Saharan Africa,Guinea,2010,8900.907834900001,8908.0515826
585,Sub-Saharan Africa,Guinea,2011,8742.482753,9047.0966706
586,Sub-Saharan Africa,Guinea,2012,8605.5387739,9178.6280695
587,Sub-Saharan Africa,Guinea,2013,8630.3245743,9303.2483136
588,Sub-Saharan Africa,Guinea,2014,8641.677418800002,9468.5778661
589,Sub-Saharan Africa,Guinea,2015,8630.1249904,9531.5823299
590,Sub-Saharan Africa,Guinea,2016,8315.0036941,9537.4629099
591,Sub-Saharan Africa,Guinea,2017,7846.072048599999,9531.8163165
592,Sub-Saharan Africa,Guinea-Bissau,2010,2725.52148067,1430.3112316000002
593,Sub-Saharan Africa,Guinea-Bissau,2011,2735.41813874,1440.0905953000001
594,Sub-Saharan Africa,Guinea-Bissau,2012,2719.6229399999997,1462.3503054
595,Sub-Saharan Africa,Guinea-Bissau,2013,2725.3436877700005,1484.673009
596,Sub-Saharan Africa,Guinea-Bissau,2014,2721.5164064,1507.9807761999998
597,Sub-Saharan Africa,Guinea-Bissau,2015,2689.7169124800002,1531.6568778
598,Sub-Saharan Africa,Guinea-Bissau,2016,2609.3778651599996,1552.4393407
599,Sub-Saharan Africa,Guinea-Bissau,2017,2485.5768258999997,1570.6563858
600,Latin America and Carribean,Guyana,2010,1175.0829547600001,1204.9257807600002
601,Latin America and Carribean,Guyana,2011,1251.2212098399998,1273.59603546
602,Latin America and Carribean,Guyana,2012,1287.84075859,1309.18258625
603,Latin America and Carribean,Guyana,2013,1239.9011061499998,1278.35412988
604,Latin America and Carribean,Guyana,2014,1226.44880914,1279.7884755199998
605,Latin America and Carribean,Guyana,2015,1211.8318513400002,1275.22549528
606,Latin America and Carribean,Guyana,2016,1202.03857161,1276.48940733
607,Latin America and Carribean,Guyana,2017,1196.45245647,1279.6076065400002
608,Latin America and Carribean,Haiti,2010,29217.2332908,13297.3492931
609,Latin America and Carribean,Haiti,2011,15025.930573200001,13336.947206699999
610,Latin America and Carribean,Haiti,2012,14862.2117084,13632.9230026
611,Latin America and Carribean,Haiti,2013,14497.060645100002,13917.3834694
612,Latin America and Carribean,Haiti,2014,14205.766305000001,14226.486649800001
613,Latin America and Carribean,Haiti,2015,14223.2737662,14535.692828100002
614,Latin America and Carribean,Haiti,2016,14142.818499699999,14919.0898661
615,Latin America and Carribean,Haiti,2017,13890.8960362,15299.286925600001
616,Latin America and Carribean,Honduras,2010,7123.0769095,6857.1425504
617,Latin America and Carribean,Honduras,2011,7354.2278977000005,7124.4192951
618,Latin America and Carribean,Honduras,2012,8279.8539951,7361.4735151
619,Latin America and Carribean,Honduras,2013,8466.9445032,7626.2557738000005
620,Latin America and Carribean,Honduras,2014,8725.586390400002,7897.649199
621,Latin America and Carribean,Honduras,2015,9024.0593618,8101.1490008
622,Latin America and Carribean,Honduras,2016,8537.4490097,8333.8423448
623,Latin America and Carribean,Honduras,2017,8780.2767263,8580.5993913
624,Europe,Hungary,2010,48537.0384225,41155.38565899999
625,Europe,Hungary,2011,47213.33443909999,39935.887179
626,Europe,Hungary,2012,46300.52361050001,39135.376272
627,Europe,Hungary,2013,44469.09802690001,37469.819346000004
628,Europe,Hungary,2014,43584.4030129,36390.32231
629,Europe,Hungary,2015,45306.459726400004,37826.156464
630,Europe,Hungary,2016,42509.804990699995,35989.766578999996
631,Europe,Hungary,2017,41322.7975189,35650.167293
632,Europe,Iceland,2010,404.95187248100007,350.90194562
633,Europe,Iceland,2011,399.61246904899997,347.86664535
634,Europe,Iceland,2012,403.83415956199997,352.45032441
635,Europe,Iceland,2013,409.94826796699994,356.56271524
636,Europe,Iceland,2014,416.857355057,361.04197497
637,Europe,Iceland,2015,423.74529805199995,362.93783140000005
638,Europe,Iceland,2016,433.67789536799995,366.17867108
639,Europe,Iceland,2017,446.40939330000003,375.78129361
640,Asia,India,2010,1654344.7207600002,1503054.454
641,Asia,India,2011,1690524.94726,1564794.6350999998
642,Asia,India,2012,1719561.94122,1615375.7826
643,Asia,India,2013,1731047.59173,1639971.9878
644,Asia,India,2014,1729600.60212,1659737.7142
645,Asia,India,2015,1740215.6629399997,1693525.7804
646,Asia,India,2016,1778332.8925200002,1741848.175
647,Asia,India,2017,1791666.82751,1756591.7108999998
648,Asia,Indonesia,2010,267036.555616,433048.99887999997
649,Asia,Indonesia,2011,273072.650508,438171.79996000003
650,Asia,Indonesia,2012,278084.308835,444594.43091
651,Asia,Indonesia,2013,283076.99710200005,450689.40437
652,Asia,Indonesia,2014,288224.755182,457310.70056
653,Asia,Indonesia,2015,293497.715203,464320.27498
654,Asia,Indonesia,2016,298645.616148,470496.33809000003
655,Asia,Indonesia,2017,303339.57181,476245.83801
656,Asia,Iran,2010,56390.263321900005,60184.933806
657,Asia,Iran,2011,57342.6066735,60814.801693
658,Asia,Iran,2012,58424.6754439,62025.32745800001
659,Asia,Iran,2013,60065.17003260001,63850.358157
660,Asia,Iran,2014,62037.34459359999,66232.516997
661,Asia,Iran,2015,63790.2518882,69295.77826800001
662,Asia,Iran,2016,65357.05192219999,71246.90358700001
663,Asia,Iran,2017,66628.53558000001,72865.63671600001
664,Asia,Iraq,2010,17185.4630453,31447.166652
665,Asia,Iraq,2011,16946.6537992,30320.288607
666,Asia,Iraq,2012,16790.7552812,29335.807102
667,Asia,Iraq,2013,16878.958099,28999.194528999997
668,Asia,Iraq,2014,16905.5108817,28352.245697
669,Asia,Iraq,2015,16683.2240268,27522.420512000004
670,Asia,Iraq,2016,17080.607696199997,27750.528241
671,Asia,Iraq,2017,17901.5549786,28709.43673
672,Europe,Ireland,2010,9394.2886746,4480.492009
673,Europe,Ireland,2011,9588.623378100003,4610.9686182
674,Europe,Ireland,2012,9645.4918314,4686.143400700001
675,Europe,Ireland,2013,9499.8549754,4655.7574666
676,Europe,Ireland,2014,9332.387026899998,4579.1446679
677,Europe,Ireland,2015,9235.800493499999,4585.5894694
678,Europe,Ireland,2016,9130.776884699999,4568.1174683
679,Europe,Ireland,2017,9165.4459315,4637.9704681
680,Asia,Israel,2010,7550.6936342,4700.9666529999995
681,Asia,Israel,2011,7760.4461557,4853.998262200001
682,Asia,Israel,2012,7799.9216242,4803.894257800001
683,Asia,Israel,2013,7885.441968499999,4831.7897017
684,Asia,Israel,2014,7874.742398199999,4865.4649457000005
685,Asia,Israel,2015,8141.740835999999,5044.5284207
686,Asia,Israel,2016,8108.279935500001,5070.215076099999
687,Asia,Israel,2017,8232.5263992,5203.0993836
688,Europe,Italy,2010,139037.81127399998,89574.56403
689,Europe,Italy,2011,140376.168562,91993.25156
690,Europe,Italy,2012,140442.26988900002,92921.56453
691,Europe,Italy,2013,138065.55953700002,91685.35956
692,Europe,Italy,2014,136360.61207299997,90898.22441999998
693,Europe,Italy,2015,140138.881941,95119.89469
694,Europe,Italy,2016,136340.79612100002,93494.9252
695,Europe,Italy,2017,136017.76507900003,93925.24346
696,Latin America and Carribean,Jamaica,2010,3534.77926521,2872.0191661
697,Latin America and Carribean,Jamaica,2011,3481.70594521,2879.2438987
698,Latin America and Carribean,Jamaica,2012,3630.31737563,3022.1280965
699,Latin America and Carribean,Jamaica,2013,3925.9755231799995,3320.9485575999997
700,Latin America and Carribean,Jamaica,2014,4059.3645167699997,3461.5594938
701,Latin America and Carribean,Jamaica,2015,4072.20274551,3483.7229004
702,Latin America and Carribean,Jamaica,2016,4206.3147748,3673.3781145000003
703,Latin America and Carribean,Jamaica,2017,4190.52807152,3682.5306426
704,Asia,Japan,2010,252108.48880099997,200695.21206999998
705,Asia,Japan,2011,257495.887328,204630.94052
706,Asia,Japan,2012,254309.198572,202767.04127000002
707,Asia,Japan,2013,254230.92864,202277.20259
708,Asia,Japan,2014,253010.743002,201278.54148999997
709,Asia,Japan,2015,251045.092122,200464.43135
710,Asia,Japan,2016,253817.530235,206234.91986999998
711,Asia,Japan,2017,257936.631624,212254.71981
712,Asia,Jordan,2010,2879.08734403,3968.8096628000003
713,Asia,Jordan,2011,3017.54133126,4088.5455493
714,Asia,Jordan,2012,3177.6501200100006,4240.4148289
715,Asia,Jordan,2013,3363.62214629,4437.0406693
716,Asia,Jordan,2014,3601.7681579100004,4735.979679800001
717,Asia,Jordan,2015,3847.0316821700003,5021.793966499999
718,Asia,Jordan,2016,4128.00639171,5383.6228955
719,Asia,Jordan,2017,4430.157778639999,5789.2265379
720,Asia,Kazakhstan,2010,47387.30339069999,48769.186084
721,Asia,Kazakhstan,2011,47101.955952899996,47620.85499299999
722,Asia,Kazakhstan,2012,46320.9808974,46257.533729
723,Asia,Kazakhstan,2013,44311.489688300004,44608.278878
724,Asia,Kazakhstan,2014,42513.110164,43212.207842
725,Asia,Kazakhstan,2015,42089.7497295,42716.992283
726,Asia,Kazakhstan,2016,42973.6656973,43446.192679
727,Asia,Kazakhstan,2017,43726.5141435,43732.62895500001
728,Sub-Saharan Africa,Kenya,2010,100495.1166039,20621.718567000004
729,Sub-Saharan Africa,Kenya,2011,94382.02216800001,21014.045345
730,Sub-Saharan Africa,Kenya,2012,90062.03600200001,21332.547099
731,Sub-Saharan Africa,Kenya,2013,88001.41499700001,21539.626266
732,Sub-Saharan Africa,Kenya,2014,85014.221253,21829.892366
733,Sub-Saharan Africa,Kenya,2015,82611.297586,22256.168366
734,Sub-Saharan Africa,Kenya,2016,80394.345379,22791.44512
735,Sub-Saharan Africa,Kenya,2017,77829.366495,23283.922394
736,Oceania,Kiribati,2010,221.150378004,263.62113891
737,Oceania,Kiribati,2011,225.877605698,267.92191528
738,Oceania,Kiribati,2012,229.83639555800002,271.54442247000003
739,Oceania,Kiribati,2013,232.95103898999997,274.30271168
740,Oceania,Kiribati,2014,235.481066682,276.70339812000003
741,Oceania,Kiribati,2015,237.31749916600003,278.89052391
742,Oceania,Kiribati,2016,239.115460576,281.83210212
743,Oceania,Kiribati,2017,240.660742005,285.19273045
744,Asia,Kuwait,2010,1065.36918579,1561.3292268700002
745,Asia,Kuwait,2011,1069.7750056500001,1536.0068272600001
746,Asia,Kuwait,2012,1139.91697237,1596.92134459
747,Asia,Kuwait,2013,1191.92241291,1639.5811406899998
748,Asia,Kuwait,2014,1239.35798499,1676.8540155599999
749,Asia,Kuwait,2015,1327.4888708400001,1773.60763631
750,Asia,Kuwait,2016,1432.1128358600001,1892.5368062999999
751,Asia,Kuwait,2017,1541.5093456800003,2022.7701483
752,Asia,Kyrgyzstan,2010,9600.9716743,12569.867498399999
753,Asia,Kyrgyzstan,2011,9628.311663100001,12554.6758524
754,Asia,Kyrgyzstan,2012,9624.7247831,12516.002378499998
755,Asia,Kyrgyzstan,2013,9559.5642912,12387.7215149
756,Asia,Kyrgyzstan,2014,9504.542804,12319.4361017
757,Asia,Kyrgyzstan,2015,9274.918525000001,11977.6907051
758,Asia,Kyrgyzstan,2016,9042.6329271,11557.5388692
759,Asia,Kyrgyzstan,2017,9170.5053818,11627.9672581
760,Asia,Laos,2010,8234.156693300001,8897.864212
761,Asia,Laos,2011,8224.167688099998,8672.77067
762,Asia,Laos,2012,8273.3969947,8552.0834022
763,Asia,Laos,2013,8326.3947685,8450.7291062
764,Asia,Laos,2014,8355.1514216,8364.461372400001
765,Asia,Laos,2015,8407.126333900002,8297.5141775
766,Asia,Laos,2016,8471.8201604,8336.6641907
767,Asia,Laos,2017,8539.5538775,8408.605357100001
768,Europe,Latvia,2010,8568.354252100002,10460.36989
769,Europe,Latvia,2011,8272.5378644,9976.202508
770,Europe,Latvia,2012,8205.0998289,9759.136198999999
771,Europe,Latvia,2013,8217.1144555,9759.263168
772,Europe,Latvia,2014,8063.5490335,9418.468979000001
773,Europe,Latvia,2015,7894.6892177,9186.706502000001
774,Europe,Latvia,2016,7869.970264300001,9225.398299999999
775,Europe,Latvia,2017,7840.9862501,9144.807155999999
776,Asia,Lebanon,2010,6992.223925200001,5288.9830513
777,Asia,Lebanon,2011,7224.6142193000005,5469.3037752
778,Asia,Lebanon,2012,7500.184741,5675.5147748
779,Asia,Lebanon,2013,7828.213214799999,5927.551585200001
780,Asia,Lebanon,2014,8137.3567056,6185.0038896999995
781,Asia,Lebanon,2015,8455.7785392,6445.6983621
782,Asia,Lebanon,2016,8795.1287035,6724.931706400001
783,Asia,Lebanon,2017,9148.5623279,6979.2354992
784,Sub-Saharan Africa,Lesotho,2010,16896.5843877,2881.7881246
785,Sub-Saharan Africa,Lesotho,2011,16298.947033700002,2863.4567432
786,Sub-Saharan Africa,Lesotho,2012,16145.3129363,2888.5789547
787,Sub-Saharan Africa,Lesotho,2013,15810.622301200001,2915.4910502000002
788,Sub-Saharan Africa,Lesotho,2014,15320.1481716,2912.1969709
789,Sub-Saharan Africa,Lesotho,2015,14677.4124472,2897.1320101
790,Sub-Saharan Africa,Lesotho,2016,12784.7225807,2817.9070245000003
791,Sub-Saharan Africa,Lesotho,2017,10777.9039256,2731.0617049
792,Sub-Saharan Africa,Liberia,2010,4930.7655501,2727.2193152
793,Sub-Saharan Africa,Liberia,2011,4824.977682299999,2784.2828105000003
794,Sub-Saharan Africa,Liberia,2012,4731.4605832,2855.4700432
795,Sub-Saharan Africa,Liberia,2013,4661.2352989,2910.6170749
796,Sub-Saharan Africa,Liberia,2014,4560.0931906000005,2923.2326147000003
797,Sub-Saharan Africa,Liberia,2015,4536.4230216,2958.2098459999997
798,Sub-Saharan Africa,Liberia,2016,4528.133776000001,3017.2085924
799,Sub-Saharan Africa,Liberia,2017,4517.730691000001,3088.8405040000002
800,North Africa and Middle East,Libya,2010,4189.0669756,6452.0499467
801,North Africa and Middle East,Libya,2011,4281.611221789999,6770.3628044
802,North Africa and Middle East,Libya,2012,4342.49326445,6931.961382199999
803,North Africa and Middle East,Libya,2013,4546.665490470001,7388.990064400001
804,North Africa and Middle East,Libya,2014,4763.51250077,7960.8164172
805,North Africa and Middle East,Libya,2015,4909.48216756,8458.945944800002
806,North Africa and Middle East,Libya,2016,5109.2003842700005,9064.963311
807,North Africa and Middle East,Libya,2017,5282.135836500001,9608.564898999999
808,Europe,Lithuania,2010,13356.100009400001,14373.305861
809,Europe,Lithuania,2011,13059.740864100004,14193.771966999999
810,Europe,Lithuania,2012,12886.191454400001,14024.802529999999
811,Europe,Lithuania,2013,12961.477074700002,14114.977879
812,Europe,Lithuania,2014,12443.6405281,13615.148689
813,Europe,Lithuania,2015,12491.762147700001,13779.633375999998
814,Europe,Lithuania,2016,12534.594191900002,13779.347591
815,Europe,Lithuania,2017,12476.7350696,13729.192033
816,Europe,Luxembourg,2010,1171.20653404,504.68941774
817,Europe,Luxembourg,2011,1173.4355253200001,503.16364046
818,Europe,Luxembourg,2012,1184.28697309,504.9515779799999
819,Europe,Luxembourg,2013,1183.65514073,501.14364692000004
820,Europe,Luxembourg,2014,1207.03903518,503.98530079999995
821,Europe,Luxembourg,2015,1227.67966415,510.08148358999995
822,Europe,Luxembourg,2016,1239.18160815,514.5628815
823,Europe,Luxembourg,2017,1256.19793744,526.0316476200001
824,Sub-Saharan Africa,Madagascar,2010,12590.687838499998,19914.526582
825,Sub-Saharan Africa,Madagascar,2011,12807.8365466,20350.780318
826,Sub-Saharan Africa,Madagascar,2012,12965.036276300001,20739.915046
827,Sub-Saharan Africa,Madagascar,2013,13127.2821535,21138.947632
828,Sub-Saharan Africa,Madagascar,2014,13303.2182452,21544.818197
829,Sub-Saharan Africa,Madagascar,2015,13510.0852271,21994.849618
830,Sub-Saharan Africa,Madagascar,2016,13734.3821802,22495.611515
831,Sub-Saharan Africa,Madagascar,2017,14060.8658757,23041.955288
832,Sub-Saharan Africa,Malawi,2010,55631.772490100004,8843.624355
833,Sub-Saharan Africa,Malawi,2011,49112.130979,8880.920912
834,Sub-Saharan Africa,Malawi,2012,42142.13457550001,8955.875889
835,Sub-Saharan Africa,Malawi,2013,36714.0037645,9045.669847000001
836,Sub-Saharan Africa,Malawi,2014,32278.4582322,9168.453431000002
837,Sub-Saharan Africa,Malawi,2015,29735.3826977,9349.362052999999
838,Sub-Saharan Africa,Malawi,2016,27593.7773815,9587.84475
839,Sub-Saharan Africa,Malawi,2017,26228.4029311,9785.91344
840,Asia,Malaysia,2010,32414.694703999998,40607.859999
841,Asia,Malaysia,2011,32198.840181,39517.091104
842,Asia,Malaysia,2012,33007.167923,39862.640869
843,Asia,Malaysia,2013,33833.762894,40259.244463
844,Asia,Malaysia,2014,35891.52970099999,42443.041066
845,Asia,Malaysia,2015,36986.458074999995,44034.39522
846,Asia,Malaysia,2016,37648.334082,45718.855876999995
847,Asia,Malaysia,2017,38596.934001,47560.65536700001
848,Asia,Maldives,2010,197.90423497299997,274.14591642
849,Asia,Maldives,2011,195.349353077,262.76739771
850,Asia,Maldives,2012,191.132280324,255.90219502
851,Asia,Maldives,2013,194.593348749,257.06249129
852,Asia,Maldives,2014,199.57884496,260.53736118
853,Asia,Maldives,2015,206.676786402,267.03146828
854,Asia,Maldives,2016,215.058120216,277.24446042
855,Asia,Maldives,2017,224.332939482,289.22355947
856,Sub-Saharan Africa,Mali,2010,10075.601992,9056.327749099999
857,Sub-Saharan Africa,Mali,2011,9941.7930502,9256.7369767
858,Sub-Saharan Africa,Mali,2012,10028.8656739,9495.5583144
859,Sub-Saharan Africa,Mali,2013,10382.0110044,9786.2753003
860,Sub-Saharan Africa,Mali,2014,10663.8828365,10125.2168342
861,Sub-Saharan Africa,Mali,2015,10858.8649496,10490.583588000001
862,Sub-Saharan Africa,Mali,2016,11045.3541838,10870.258911
863,Sub-Saharan Africa,Mali,2017,11202.4665946,11165.519967999999
864,Europe,Malta,2010,707.289928673,691.4198146499999
865,Europe,Malta,2011,698.3280797230001,695.9173706
866,Europe,Malta,2012,707.97214541,709.07576987
867,Europe,Malta,2013,706.3519233700001,700.48958192
868,Europe,Malta,2014,717.47674345,708.9918001899999
869,Europe,Malta,2015,741.48592054,731.80422574
870,Europe,Malta,2016,788.14239551,772.2088959399999
871,Europe,Malta,2017,818.64539198,797.18081362
872,Oceania,Marshall Islands,2010,60.341397192,124.37025371000001
873,Oceania,Marshall Islands,2011,61.185229049,126.09070184000001
874,Oceania,Marshall Islands,2012,62.046333953,127.90149323
875,Oceania,Marshall Islands,2013,62.98335205299999,129.82508299999998
876,Oceania,Marshall Islands,2014,63.945569580000004,131.80634262
877,Oceania,Marshall Islands,2015,65.063984911,134.03001109000002
878,Oceania,Marshall Islands,2016,66.084312634,136.40976841000003
879,Oceania,Marshall Islands,2017,67.233050223,138.82879028
880,Sub-Saharan Africa,Mauritania,2010,1102.13468372,2558.3064092
881,Sub-Saharan Africa,Mauritania,2011,1121.5844177200001,2602.2679236999998
882,Sub-Saharan Africa,Mauritania,2012,1141.67538061,2647.7034412000003
883,Sub-Saharan Africa,Mauritania,2013,1162.75104766,2696.7497095000003
884,Sub-Saharan Africa,Mauritania,2014,1181.91968963,2739.3077054
885,Sub-Saharan Africa,Mauritania,2015,1204.26267147,2791.7816247
886,Sub-Saharan Africa,Mauritania,2016,1227.58384656,2850.5279796
887,Sub-Saharan Africa,Mauritania,2017,1252.0278014,2914.8026423
888,Sub-Saharan Africa,Mauritius,2010,1667.33119911,3014.9963242000003
889,Sub-Saharan Africa,Mauritius,2011,1665.5641551500003,2959.2374175
890,Sub-Saharan Africa,Mauritius,2012,1689.60781599,3025.1196793999998
891,Sub-Saharan Africa,Mauritius,2013,1714.5376358199999,2984.1049688
892,Sub-Saharan Africa,Mauritius,2014,1752.82364555,3057.9338365000003
893,Sub-Saharan Africa,Mauritius,2015,1781.56886254,3121.2794227
894,Sub-Saharan Africa,Mauritius,2016,1872.4792231,3221.7819974000004
895,Sub-Saharan Africa,Mauritius,2017,1880.0903853,3293.7240881999996
896,Latin America and Carribean,Mexico,2010,124354.06270000001,71882.075835
897,Latin America and Carribean,Mexico,2011,124584.31837600001,72910.225658
898,Latin America and Carribean,Mexico,2012,125657.835385,75731.301023
899,Latin America and Carribean,Mexico,2013,127176.339519,79408.086241
900,Latin America and Carribean,Mexico,2014,128917.72245,83552.479462
901,Latin America and Carribean,Mexico,2015,130950.62843000001,86665.97253
902,Latin America and Carribean,Mexico,2016,134774.98645,91438.40265999999
903,Latin America and Carribean,Mexico,2017,140337.70916,93888.15763999999
904,Oceania,Micronesia (country),2010,115.89971641199999,218.39149668
905,Oceania,Micronesia (country),2011,118.573061075,221.19906714
906,Oceania,Micronesia (country),2012,121.294159439,224.04657147
907,Oceania,Micronesia (country),2013,124.580311696,227.45203945999998
908,Oceania,Micronesia (country),2014,128.67799308000002,231.37178097999998
909,Oceania,Micronesia (country),2015,133.39645393200001,234.51980272
910,Oceania,Micronesia (country),2016,138.02033103399998,238.98134455
911,Oceania,Micronesia (country),2017,142.505028299,242.7768542
912,Europe,Moldova,2010,15182.0162568,17844.124566
913,Europe,Moldova,2011,13905.948009,16400.29555
914,Europe,Moldova,2012,13405.579694200002,15861.347189
915,Europe,Moldova,2013,13128.8587316,15268.285766
916,Europe,Moldova,2014,13570.645971499998,15634.949908
917,Europe,Moldova,2015,13847.5161283,15844.572361999999
918,Europe,Moldova,2016,13464.5508945,15116.243741999999
919,Europe,Moldova,2017,13266.846115400002,14920.570845
920,Asia,Mongolia,2010,5474.4688454,6961.432051099999
921,Asia,Mongolia,2011,5537.100053300001,6891.281234100001
922,Asia,Mongolia,2012,5564.962815000001,6729.1431353
923,Asia,Mongolia,2013,5635.6632555,6621.889462499999
924,Asia,Mongolia,2014,5722.1864887,6561.242864100001
925,Asia,Mongolia,2015,5891.871676999999,6649.7048548
926,Asia,Mongolia,2016,6141.6257974,6891.317258200001
927,Asia,Mongolia,2017,6375.0278748,7131.999753
928,Europe,Montenegro,2010,2552.87849787,1556.8775464599998
929,Europe,Montenegro,2011,2586.0534246400007,1550.50290145
930,Europe,Montenegro,2012,2618.9465153399997,1554.08212933
931,Europe,Montenegro,2013,2684.23579806,1567.29185443
932,Europe,Montenegro,2014,2721.6537463100003,1571.00832099
933,Europe,Montenegro,2015,2763.78566022,1586.61660291
934,Europe,Montenegro,2016,2797.88232913,1601.0066865699998
935,Europe,Montenegro,2017,2833.64274554,1614.68288902
936,North Africa and Middle East,Morocco,2010,33488.664705,60563.335023
937,North Africa and Middle East,Morocco,2011,33898.422921,61172.970498
938,North Africa and Middle East,Morocco,2012,34054.173539,61489.574461
939,North Africa and Middle East,Morocco,2013,34467.347532,62353.639227
940,North Africa and Middle East,Morocco,2014,34897.815845,63366.78099299999
941,North Africa and Middle East,Morocco,2015,35317.257597,64300.614231
942,North Africa and Middle East,Morocco,2016,35803.233046,65499.334964
943,North Africa and Middle East,Morocco,2017,36298.740481999994,66674.86773900001
944,Sub-Saharan Africa,Mozambique,2010,88408.830933,20795.776587
945,Sub-Saharan Africa,Mozambique,2011,89060.1550294,21085.784414
946,Sub-Saharan Africa,Mozambique,2012,90686.20851160001,21350.638144
947,Sub-Saharan Africa,Mozambique,2013,86877.384495,21503.168400000002
948,Sub-Saharan Africa,Mozambique,2014,79502.456364,21658.851227
949,Sub-Saharan Africa,Mozambique,2015,74668.430392,21811.996665
950,Sub-Saharan Africa,Mozambique,2016,69713.422095,22037.761812
951,Sub-Saharan Africa,Mozambique,2017,65571.003237,22227.674905
952,Asia,Myanmar,2010,105008.295262,62805.916603000005
953,Asia,Myanmar,2011,104040.53870399999,62005.914592
954,Asia,Myanmar,2012,102645.041871,61248.886603000006
955,Asia,Myanmar,2013,101438.635463,60967.614324
956,Asia,Myanmar,2014,99942.54424100001,60714.641124999995
957,Asia,Myanmar,2015,98910.401673,60739.882735
958,Asia,Myanmar,2016,98153.69108900001,61275.73793
959,Asia,Myanmar,2017,97448.886196,61740.099825
960,Sub-Saharan Africa,Namibia,2010,10385.8343293,1823.9120386
961,Sub-Saharan Africa,Namibia,2011,9137.351925400002,1767.7519665
962,Sub-Saharan Africa,Namibia,2012,8160.6105506,1764.3689514
963,Sub-Saharan Africa,Namibia,2013,7503.6060846,1772.9784849000002
964,Sub-Saharan Africa,Namibia,2014,7053.3236006,1794.2617513
965,Sub-Saharan Africa,Namibia,2015,6824.0328811,1826.0920491000002
966,Sub-Saharan Africa,Namibia,2016,6587.9655814,1866.7570046
967,Sub-Saharan Africa,Namibia,2017,6346.416756299999,1911.5567165999998
968,Asia,Nepal,2010,31543.928595699996,28061.978305000004
969,Asia,Nepal,2011,32768.8562472,29198.376473999997
970,Asia,Nepal,2012,33697.0442316,30130.50897
971,Asia,Nepal,2013,34388.1110234,30915.441955
972,Asia,Nepal,2014,34884.416170899996,31621.805919
973,Asia,Nepal,2015,35745.4739702,32554.285783
974,Asia,Nepal,2016,36059.5603427,33325.698734
975,Asia,Nepal,2017,36461.463022899996,33986.719933
976,Europe,Netherlands,2010,37696.1973104,17156.572618000002
977,Europe,Netherlands,2011,37819.514329100006,17039.853851
978,Europe,Netherlands,2012,38352.1696571,17106.668450999998
979,Europe,Netherlands,2013,38284.915535299995,16898.021629
980,Europe,Netherlands,2014,37842.570269,16573.132255
981,Europe,Netherlands,2015,39032.666399600006,16976.943463
982,Europe,Netherlands,2016,40065.310046,17397.064943999998
983,Europe,Netherlands,2017,40815.852518600004,17799.463407
984,Oceania,New Zealand,2010,6792.77456521,5082.539512900001
985,Oceania,New Zealand,2011,6882.49031277,5155.282812400001
986,Oceania,New Zealand,2012,6851.81599553,5135.5827102
987,Oceania,New Zealand,2013,6791.163940320001,5058.8546246000005
988,Oceania,New Zealand,2014,6873.7613705700005,5156.0854951
989,Oceania,New Zealand,2015,6826.5228367400005,5201.2818405
990,Oceania,New Zealand,2016,6909.708181529999,5328.7984363
991,Oceania,New Zealand,2017,7008.638301729999,5462.6528468
992,Latin America and Carribean,Nicaragua,2010,3701.0192275000004,3741.0329558000003
993,Latin America and Carribean,Nicaragua,2011,3897.2044889999997,3903.0853885
994,Latin America and Carribean,Nicaragua,2012,4097.4673083,4052.9260823000004
995,Latin America and Carribean,Nicaragua,2013,4263.571453799999,4211.4702084
996,Latin America and Carribean,Nicaragua,2014,4485.2070673,4488.174806200001
997,Latin America and Carribean,Nicaragua,2015,4432.8283108,4377.8577949
998,Latin America and Carribean,Nicaragua,2016,4470.6554452,4377.6325013000005
999,Latin America and Carribean,Nicaragua,2017,4540.6834112,4442.0532408
1000,Sub-Saharan Africa,Niger,2010,6870.5334571,7014.074586500001
1001,Sub-Saharan Africa,Niger,2011,6625.0317288999995,7261.370216700001
1002,Sub-Saharan Africa,Niger,2012,6389.3155449999995,7520.279135700001
1003,Sub-Saharan Africa,Niger,2013,6253.641437,7816.659397200001
1004,Sub-Saharan Africa,Niger,2014,6278.6588861,8184.5169415
1005,Sub-Saharan Africa,Niger,2015,6339.8968462,8609.3242097
1006,Sub-Saharan Africa,Niger,2016,6284.2758525,9006.1529164
1007,Sub-Saharan Africa,Niger,2017,6193.434474,9337.2973948
1008,Sub-Saharan Africa,Nigeria,2010,255933.140616,52193.959422
1009,Sub-Saharan Africa,Nigeria,2011,252407.99674200002,52748.300029000005
1010,Sub-Saharan Africa,Nigeria,2012,246875.48500400002,53917.080921999994
1011,Sub-Saharan Africa,Nigeria,2013,239796.052378,55218.155715
1012,Sub-Saharan Africa,Nigeria,2014,234520.023153,57100.063549
1013,Sub-Saharan Africa,Nigeria,2015,230598.158522,59394.706202
1014,Sub-Saharan Africa,Nigeria,2016,226384.46204399999,61685.662822
1015,Sub-Saharan Africa,Nigeria,2017,221107.498666,63395.677268
1016,Asia,North Korea,2010,46916.697334000004,61297.895785
1017,Asia,North Korea,2011,47909.166026000006,62114.54631199999
1018,Asia,North Korea,2012,48913.408177,62919.193555000005
1019,Asia,North Korea,2013,49905.060837,63730.598204
1020,Asia,North Korea,2014,50853.635496,64303.528762
1021,Asia,North Korea,2015,51850.836663999995,64921.57504799999
1022,Asia,North Korea,2016,52661.896112,65894.155406
1023,Asia,North Korea,2017,53342.12319699999,66690.138137
1024,Europe,North Macedonia,2010,4861.664161817,5664.8185331
1025,Europe,North Macedonia,2011,4768.789632439,5509.956415000001
1026,Europe,North Macedonia,2012,4789.192534071,5485.7615059
1027,Europe,North Macedonia,2013,4688.85053677,5265.0686818
1028,Europe,North Macedonia,2014,4698.84450058,5203.348027
1029,Europe,North Macedonia,2015,4998.31450306,5502.9981766
1030,Europe,North Macedonia,2016,5132.85249397,5604.925439299999
1031,Europe,North Macedonia,2017,5208.45070152,5706.5938098
1032,Europe,Northern Ireland,2010,3588.68856879,2389.8623612
1033,Europe,Northern Ireland,2011,3488.46918328,2289.9492083
1034,Europe,Northern Ireland,2012,3456.0445041099997,2253.2732269
1035,Europe,Northern Ireland,2013,3423.9358676,2199.6086403
1036,Europe,Northern Ireland,2014,3387.33210764,2155.4450563
1037,Europe,Northern Ireland,2015,3503.21913116,2225.7094641000003
1038,Europe,Northern Ireland,2016,3514.2393922500005,2271.1359101
1039,Europe,Northern Ireland,2017,3520.36440962,2309.9214386999997
1040,Oceania,Northern Mariana Islands,2010,34.678368455,53.382334031
1041,Oceania,Northern Mariana Islands,2011,35.916361726,55.734726402999996
1042,Oceania,Northern Mariana Islands,2012,37.055581948,58.16142653
1043,Oceania,Northern Mariana Islands,2013,37.930433183000005,60.20787441
1044,Oceania,Northern Mariana Islands,2014,38.705820153,62.115644194
1045,Oceania,Northern Mariana Islands,2015,40.001346094,64.795612729
1046,Oceania,Northern Mariana Islands,2016,41.127867462,67.49113912
1047,Oceania,Northern Mariana Islands,2017,42.08629113400001,69.80810576399999
1048,Europe,Norway,2010,9627.015047300001,6511.9065371
1049,Europe,Norway,2011,9773.923220400004,6567.7946006
1050,Europe,Norway,2012,9252.4285697,6149.5653218
1051,Europe,Norway,2013,9246.675309699998,6121.005898699999
1052,Europe,Norway,2014,8829.0872927,5852.666402700001
1053,Europe,Norway,2015,8459.1078963,5673.2309018
1054,Europe,Norway,2016,8292.5322171,5755.1888773
1055,Europe,Norway,2017,8205.5369766,5897.2396936000005
1056,Asia,Oman,2010,1175.22054002,1800.19569845
1057,Asia,Oman,2011,1361.08454718,2053.91470037
1058,Asia,Oman,2012,1509.67904422,2256.9677635099997
1059,Asia,Oman,2013,1517.0665147900002,2286.07735219
1060,Asia,Oman,2014,1524.470543,2321.66761322
1061,Asia,Oman,2015,1573.4498103300002,2418.80591354
1062,Asia,Oman,2016,1598.8155238099998,2472.9926346800003
1063,Asia,Oman,2017,1657.6025605900004,2579.59601229
1064,Asia,Pakistan,2010,160089.38966500002,289297.02343000006
1065,Asia,Pakistan,2011,162354.586438,295923.56245
1066,Asia,Pakistan,2012,164889.147687,303336.20731
1067,Asia,Pakistan,2013,167569.40268,311465.1025
1068,Asia,Pakistan,2014,170552.83158500004,320920.73646000004
1069,Asia,Pakistan,2015,172957.440371,329575.48667
1070,Asia,Pakistan,2016,175267.32187100002,338710.29563
1071,Asia,Pakistan,2017,177088.79527000003,346818.1593
1072,Asia,Palestine,2010,1638.76361207,3644.8457706
1073,Asia,Palestine,2011,1643.7563433900002,3633.4784725
1074,Asia,Palestine,2012,1667.4942397900002,3657.9819096
1075,Asia,Palestine,2013,1675.80214646,3599.2352688
1076,Asia,Palestine,2014,1706.17698476,3621.6865484
1077,Asia,Palestine,2015,1748.5836412800002,3653.3376273999997
1078,Asia,Palestine,2016,1793.2055415600003,3696.8808297
1079,Asia,Palestine,2017,1858.7262574899999,3790.2841344
1080,Latin America and Carribean,Panama,2010,3575.3969853999997,2758.5083915
1081,Latin America and Carribean,Panama,2011,3581.8812733999994,2806.9318307000003
1082,Latin America and Carribean,Panama,2012,3719.6233134999993,2878.0925322
1083,Latin America and Carribean,Panama,2013,3813.9517932999997,2943.4122531000003
1084,Latin America and Carribean,Panama,2014,3857.491352,2967.7134298
1085,Latin America and Carribean,Panama,2015,3936.5821747,2973.2173369
1086,Latin America and Carribean,Panama,2016,3949.4400914,3067.3237908
1087,Latin America and Carribean,Panama,2017,4021.7765574,3140.5726609
1088,Oceania,Papua New Guinea,2010,16644.4822639,17842.347474000002
1089,Oceania,Papua New Guinea,2011,16994.119158999998,18330.183594
1090,Oceania,Papua New Guinea,2012,17313.2694021,18801.211977
1091,Oceania,Papua New Guinea,2013,17475.855490500002,19262.123549000004
1092,Oceania,Papua New Guinea,2014,17638.211995499998,19701.099424
1093,Oceania,Papua New Guinea,2015,17894.8547122,20131.346648
1094,Oceania,Papua New Guinea,2016,18262.925584200002,20670.714256000003
1095,Oceania,Papua New Guinea,2017,18671.5311111,21232.173517
1096,Latin America and Carribean,Paraguay,2010,7033.2956161,6249.4186549999995
1097,Latin America and Carribean,Paraguay,2011,7134.6027359,6262.2169730000005
1098,Latin America and Carribean,Paraguay,2012,7273.3891026,6293.9795269999995
1099,Latin America and Carribean,Paraguay,2013,7594.0479193,6560.935732
1100,Latin America and Carribean,Paraguay,2014,7615.8046355999995,6456.53273
1101,Latin America and Carribean,Paraguay,2015,7695.5346705,6483.120992
1102,Latin America and Carribean,Paraguay,2016,7879.4199866,6611.645755
1103,Latin America and Carribean,Paraguay,2017,7998.7953695,6723.150376
1104,Latin America and Carribean,Peru,2010,19847.62638,18236.676076
1105,Latin America and Carribean,Peru,2011,19618.0187,18012.453236
1106,Latin America and Carribean,Peru,2012,19460.25631,17832.191776
1107,Latin America and Carribean,Peru,2013,19397.847106999998,17639.665928000002
1108,Latin America and Carribean,Peru,2014,19277.851651,17213.064462000002
1109,Latin America and Carribean,Peru,2015,19383.314418,17170.560976
1110,Latin America and Carribean,Peru,2016,19616.374107000003,17650.084257000002
1111,Latin America and Carribean,Peru,2017,19918.242641999997,18395.911256
1112,Asia,Philippines,2010,129765.188472,136877.55779
1113,Asia,Philippines,2011,131871.087211,139611.42346
1114,Asia,Philippines,2012,133803.737937,142470.59814000002
1115,Asia,Philippines,2013,135632.783985,144649.51603
1116,Asia,Philippines,2014,136630.224697,146460.73994
1117,Asia,Philippines,2015,140837.80523600001,150714.94754
1118,Asia,Philippines,2016,141385.086347,151920.89684
1119,Asia,Philippines,2017,141721.94800600002,152785.08216
1120,Europe,Poland,2010,123795.62725199999,99305.29745000001
1121,Europe,Poland,2011,123175.885736,98077.92817
1122,Europe,Poland,2012,124480.713473,98819.33398
1123,Europe,Poland,2013,123439.59206699999,97494.8033
1124,Europe,Poland,2014,120508.410408,94918.017373
1125,Europe,Poland,2015,123766.79720200002,97463.63497
1126,Europe,Poland,2016,123329.593314,97252.716337
1127,Europe,Poland,2017,123421.03931499999,97262.129377
1128,Europe,Portugal,2010,30297.6758899,14585.45318
1129,Europe,Portugal,2011,29714.9257176,14276.688772
1130,Europe,Portugal,2012,29380.1208128,14242.115891999998
1131,Europe,Portugal,2013,28975.574270900004,14135.834635
1132,Europe,Portugal,2014,28378.9988093,14105.618955999998
1133,Europe,Portugal,2015,27855.0028625,14071.631671
1134,Europe,Portugal,2016,28359.438972000004,14658.073559000002
1135,Europe,Portugal,2017,28832.0920163,15153.167843
1136,Latin America and Carribean,Puerto Rico,2010,5025.090342,5068.1379594
1137,Latin America and Carribean,Puerto Rico,2011,5154.768341000001,5170.8589292
1138,Latin America and Carribean,Puerto Rico,2012,4924.8274482,4835.374187699999
1139,Latin America and Carribean,Puerto Rico,2013,4914.195733,4772.774251
1140,Latin America and Carribean,Puerto Rico,2014,4828.833651,4639.0417738
1141,Latin America and Carribean,Puerto Rico,2015,4730.4234086,4453.1964732999995
1142,Latin America and Carribean,Puerto Rico,2016,4975.444962,4715.815409500001
1143,Latin America and Carribean,Puerto Rico,2017,5348.4221343,4930.055162199999
1144,Asia,Qatar,2010,409.07439929500003,336.44081898
1145,Asia,Qatar,2011,433.26208569,350.381798779
1146,Asia,Qatar,2012,457.85106902999996,365.50803054799997
1147,Asia,Qatar,2013,483.71435943999995,382.35325224999997
1148,Asia,Qatar,2014,509.46188862,403.47228472999996
1149,Asia,Qatar,2015,527.4874813499999,420.075579088
1150,Asia,Qatar,2016,557.52223298,444.345730344
1151,Asia,Qatar,2017,600.7097698,481.2810983619999
1152,Europe,Romania,2010,100770.867558,78179.286264
1153,Europe,Romania,2011,95115.172017,73377.957133
1154,Europe,Romania,2012,95376.659319,73168.605954
1155,Europe,Romania,2013,93524.507688,71206.71798799999
1156,Europe,Romania,2014,94578.283619,71532.072165
1157,Europe,Romania,2015,93974.251186,71353.10887400001
1158,Europe,Romania,2016,93914.866262,71204.923299
1159,Europe,Romania,2017,93634.729122,71649.869171
1160,Europe,Russia,2010,745499.06022,716445.7567
1161,Europe,Russia,2011,682131.1066200001,664060.24756
1162,Europe,Russia,2012,661483.1137500001,640809.6232
1163,Europe,Russia,2013,648593.14883,621392.12642
1164,Europe,Russia,2014,659652.9892200001,622831.8243000001
1165,Europe,Russia,2015,650261.84236,612017.6810399999
1166,Europe,Russia,2016,641670.1560500001,601727.6931
1167,Europe,Russia,2017,640247.57744,600225.57984
1168,Sub-Saharan Africa,Rwanda,2010,14510.758447799999,3279.8197971
1169,Sub-Saharan Africa,Rwanda,2011,13792.172737100002,3352.9943714
1170,Sub-Saharan Africa,Rwanda,2012,13268.6041196,3462.3034506
1171,Sub-Saharan Africa,Rwanda,2013,12798.071571100001,3592.2560267
1172,Sub-Saharan Africa,Rwanda,2014,12440.7717663,3706.2178974999997
1173,Sub-Saharan Africa,Rwanda,2015,12320.8575332,3806.7823552
1174,Sub-Saharan Africa,Rwanda,2016,12125.435098,3948.1864063000003
1175,Sub-Saharan Africa,Rwanda,2017,12091.766909900001,4085.292492
1176,Latin America and Carribean,Saint Lucia,2010,206.26487967900002,176.78594167
1177,Latin America and Carribean,Saint Lucia,2011,210.125675812,177.22093974
1178,Latin America and Carribean,Saint Lucia,2012,216.063569425,180.92643027000003
1179,Latin America and Carribean,Saint Lucia,2013,223.23560061199998,186.03234724000004
1180,Latin America and Carribean,Saint Lucia,2014,231.186542401,190.35462301
1181,Latin America and Carribean,Saint Lucia,2015,238.418863158,198.57750819999998
1182,Latin America and Carribean,Saint Lucia,2016,245.921916674,206.61779965
1183,Latin America and Carribean,Saint Lucia,2017,254.09258309899997,215.54041961000001
1184,Latin America and Carribean,Saint Vincent and the Grenadines,2010,147.97758541299999,169.63096091
1185,Latin America and Carribean,Saint Vincent and the Grenadines,2011,151.476849172,175.20920377
1186,Latin America and Carribean,Saint Vincent and the Grenadines,2012,158.98499531,181.65125982
1187,Latin America and Carribean,Saint Vincent and the Grenadines,2013,167.62171363,187.21490867
1188,Latin America and Carribean,Saint Vincent and the Grenadines,2014,176.50159626,191.50300839
1189,Latin America and Carribean,Saint Vincent and the Grenadines,2015,183.48416925400002,193.34125904
1190,Latin America and Carribean,Saint Vincent and the Grenadines,2016,182.002247617,196.59764702
1191,Latin America and Carribean,Saint Vincent and the Grenadines,2017,184.75962727299998,200.05229337
1192,Oceania,Samoa,2010,222.11868418299997,265.65626854000004
1193,Oceania,Samoa,2011,225.393633942,270.81770025
1194,Oceania,Samoa,2012,229.34031556600002,274.92656912999996
1195,Oceania,Samoa,2013,232.00214873099995,278.52978243999996
1196,Oceania,Samoa,2014,235.60441576099998,282.34197341
1197,Oceania,Samoa,2015,239.472932075,286.21770297
1198,Oceania,Samoa,2016,243.570973462,289.61342281
1199,Oceania,Samoa,2017,247.944774923,292.96168782
1200,Sub-Saharan Africa,Sao Tome and Principe,2010,130.960441848,130.27583538
1201,Sub-Saharan Africa,Sao Tome and Principe,2011,133.50536711900003,133.33383812
1202,Sub-Saharan Africa,Sao Tome and Principe,2012,138.620063511,138.86430145
1203,Sub-Saharan Africa,Sao Tome and Principe,2013,140.67137036900002,141.20017558
1204,Sub-Saharan Africa,Sao Tome and Principe,2014,142.45369928200003,143.10879759
1205,Sub-Saharan Africa,Sao Tome and Principe,2015,145.304969199,146.12293418
1206,Sub-Saharan Africa,Sao Tome and Principe,2016,148.928239444,150.05291502
1207,Sub-Saharan Africa,Sao Tome and Principe,2017,151.405317134,152.73518393
1208,Asia,Saudi Arabia,2010,9697.856169899998,21364.634712
1209,Asia,Saudi Arabia,2011,9966.577873999999,21818.828042999998
1210,Asia,Saudi Arabia,2012,10180.8978493,22151.198417
1211,Asia,Saudi Arabia,2013,10393.7096804,22487.041435
1212,Asia,Saudi Arabia,2014,10607.2819609,22782.71402
1213,Asia,Saudi Arabia,2015,10900.8203314,23245.088523
1214,Asia,Saudi Arabia,2016,11168.7596514,23626.2595
1215,Asia,Saudi Arabia,2017,11532.5581366,24230.843257
1216,Sub-Saharan Africa,Senegal,2010,6920.9813507,8780.4569884
1217,Sub-Saharan Africa,Senegal,2011,6923.3264654,9041.6023967
1218,Sub-Saharan Africa,Senegal,2012,7032.657774400001,9283.1185309
1219,Sub-Saharan Africa,Senegal,2013,7123.61702,9540.1742117
1220,Sub-Saharan Africa,Senegal,2014,7082.497196800001,9807.3159041
1221,Sub-Saharan Africa,Senegal,2015,7072.8167115,10081.8214143
1222,Sub-Saharan Africa,Senegal,2016,7023.620269699999,10277.73399
1223,Sub-Saharan Africa,Senegal,2017,6985.2402176,10465.364155
1224,Europe,Serbia,2010,42349.424210799996,38238.060762
1225,Europe,Serbia,2011,42774.8609602,38424.687068
1226,Europe,Serbia,2012,42911.7808112,38368.537717
1227,Europe,Serbia,2013,42269.0620066,37248.175819000004
1228,Europe,Serbia,2014,42668.3794011,37336.003276
1229,Europe,Serbia,2015,43228.6017482,37469.197649
1230,Europe,Serbia,2016,42073.218099,36443.745634
1231,Europe,Serbia,2017,41803.2573327,36199.018069
1232,Sub-Saharan Africa,Seychelles,2010,152.79173753700002,138.47373527000002
1233,Sub-Saharan Africa,Seychelles,2011,154.044501329,137.99959423
1234,Sub-Saharan Africa,Seychelles,2012,155.925244061,137.8399589
1235,Sub-Saharan Africa,Seychelles,2013,156.74098500799997,136.22050529999999
1236,Sub-Saharan Africa,Seychelles,2014,159.153385585,136.11381403000001
1237,Sub-Saharan Africa,Seychelles,2015,163.13284196099997,137.60595275
1238,Sub-Saharan Africa,Seychelles,2016,166.11523328400003,139.32635147
1239,Sub-Saharan Africa,Seychelles,2017,169.394435302,141.18645336
1240,Sub-Saharan Africa,Sierra Leone,2010,10047.8473696,5832.4442583
1241,Sub-Saharan Africa,Sierra Leone,2011,9993.743576600002,5902.8438977999995
1242,Sub-Saharan Africa,Sierra Leone,2012,9986.245907999999,5984.2297752
1243,Sub-Saharan Africa,Sierra Leone,2013,9918.0345338,5982.5416659
1244,Sub-Saharan Africa,Sierra Leone,2014,9823.2957014,6023.0446438
1245,Sub-Saharan Africa,Sierra Leone,2015,9670.1628229,6136.4465136
1246,Sub-Saharan Africa,Sierra Leone,2016,9427.8734224,6249.0627803
1247,Sub-Saharan Africa,Sierra Leone,2017,9180.5032305,6377.0134916
1248,Asia,Singapore,2010,3003.8772478499995,3799.3460569999997
1249,Asia,Singapore,2011,3057.7090518200007,3826.5969116
1250,Asia,Singapore,2012,3097.11576535,3822.296207
1251,Asia,Singapore,2013,3131.12488682,3789.2334775
1252,Asia,Singapore,2014,3147.9751099,3798.4062805000003
1253,Asia,Singapore,2015,3150.6889404800004,3831.3054701
1254,Asia,Singapore,2016,3177.79030913,3846.7622491
1255,Asia,Singapore,2017,3277.3480043900004,3992.0105737
1256,Europe,Slovakia,2010,15073.450607799998,18037.771994000002
1257,Europe,Slovakia,2011,14893.3294241,17586.789947999998
1258,Europe,Slovakia,2012,14685.4688407,17002.481615999997
1259,Europe,Slovakia,2013,14447.391054,16550.150336000002
1260,Europe,Slovakia,2014,14400.7317841,16261.424044
1261,Europe,Slovakia,2015,14765.1253217,16762.598597
1262,Europe,Slovakia,2016,14260.0274521,16435.315416999998
1263,Europe,Slovakia,2017,14205.078331199999,16534.495464
1264,Europe,Slovenia,2010,4391.7864643600005,3462.1835274
1265,Europe,Slovenia,2011,4321.05665116,3414.7544586000004
1266,Europe,Slovenia,2012,4394.839935030001,3494.6861992000004
1267,Europe,Slovenia,2013,4374.07679218,3506.7784192999998
1268,Europe,Slovenia,2014,4188.460049439999,3349.1484904
1269,Europe,Slovenia,2015,4361.06385959,3479.5090933
1270,Europe,Slovenia,2016,4352.096032740001,3525.9121111
1271,Europe,Slovenia,2017,4436.8224265399995,3623.8157054999997
1272,Oceania,Solomon Islands,2010,607.26289585,1001.8084044
1273,Oceania,Solomon Islands,2011,618.67580599,1015.5258272000001
1274,Oceania,Solomon Islands,2012,631.5423413300001,1031.3474043
1275,Oceania,Solomon Islands,2013,646.4216322300001,1049.303368
1276,Oceania,Solomon Islands,2014,663.8290992200001,1071.2199455999998
1277,Oceania,Solomon Islands,2015,680.2433304100001,1093.8657609
1278,Oceania,Solomon Islands,2016,698.7673132900001,1120.4242902
1279,Oceania,Solomon Islands,2017,719.7419844399999,1146.4168026999998
1280,Sub-Saharan Africa,Somalia,2010,10250.4740008,12343.519924
1281,Sub-Saharan Africa,Somalia,2011,10218.2143162,12558.736329
1282,Sub-Saharan Africa,Somalia,2012,10278.9070125,12844.816800999999
1283,Sub-Saharan Africa,Somalia,2013,10325.4696741,13148.406162000001
1284,Sub-Saharan Africa,Somalia,2014,10404.3764498,13449.255226
1285,Sub-Saharan Africa,Somalia,2015,10501.7706733,13794.239948
1286,Sub-Saharan Africa,Somalia,2016,10585.5053082,14139.379028000001
1287,Sub-Saharan Africa,Somalia,2017,10552.4217439,14485.291507000002
1288,Sub-Saharan Africa,South Africa,2010,373092.054409,54251.241232
1289,Sub-Saharan Africa,South Africa,2011,346243.040647,52650.644729
1290,Sub-Saharan Africa,South Africa,2012,318665.140879,51536.712401000004
1291,Sub-Saharan Africa,South Africa,2013,291765.815268,50698.005661999996
1292,Sub-Saharan Africa,South Africa,2014,267203.547463,50788.333969
1293,Sub-Saharan Africa,South Africa,2015,252758.17814200002,51830.371321
1294,Sub-Saharan Africa,South Africa,2016,239304.100841,52211.107833999995
1295,Sub-Saharan Africa,South Africa,2017,210786.895807,50169.030117999995
1296,Asia,South Korea,2010,67638.58662700001,40859.257207999995
1297,Asia,South Korea,2011,68125.851737,40846.439318000004
1298,Asia,South Korea,2012,68703.130068,40956.835534
1299,Asia,South Korea,2013,68117.98050500001,40161.350753000006
1300,Asia,South Korea,2014,67654.952826,39549.804949
1301,Asia,South Korea,2015,67975.76711,39776.064393
1302,Asia,South Korea,2016,68306.63153900001,40393.48476199999
1303,Asia,South Korea,2017,70203.53711800001,42194.231047
1304,Sub-Saharan Africa,South Sudan,2010,8814.4107798,5491.2525802
1305,Sub-Saharan Africa,South Sudan,2011,8877.5450071,5517.6695887999995
1306,Sub-Saharan Africa,South Sudan,2012,8907.7898746,5582.4290556
1307,Sub-Saharan Africa,South Sudan,2013,8755.0784078,5637.201602499999
1308,Sub-Saharan Africa,South Sudan,2014,8343.9675996,5678.5613104
1309,Sub-Saharan Africa,South Sudan,2015,7861.792233800001,5769.231011399999
1310,Sub-Saharan Africa,South Sudan,2016,7496.910081400001,5874.1799165
1311,Sub-Saharan Africa,South Sudan,2017,7378.3015233999995,6007.9517859
1312,Europe,Spain,2010,111245.689301,44033.178283
1313,Europe,Spain,2011,111305.81509,44437.667529
1314,Europe,Spain,2012,111121.79821499999,44639.327367
1315,Europe,Spain,2013,108664.49896499999,43822.50341
1316,Europe,Spain,2014,108615.86716999998,44095.508251
1317,Europe,Spain,2015,111412.89140400001,46058.820385
1318,Europe,Spain,2016,109602.12099499999,45485.235598
1319,Europe,Spain,2017,109333.736381,45500.200104
1320,Asia,Sri Lanka,2010,20426.1171948,33601.900580999994
1321,Asia,Sri Lanka,2011,21448.5815452,34213.348266
1322,Asia,Sri Lanka,2012,21728.30563,34081.204003000006
1323,Asia,Sri Lanka,2013,21444.7852448,33612.046443
1324,Asia,Sri Lanka,2014,22055.5884926,33958.31931100001
1325,Asia,Sri Lanka,2015,22212.2626846,34035.460323
1326,Asia,Sri Lanka,2016,22469.7016181,34249.694787
1327,Asia,Sri Lanka,2017,22719.5190649,34593.811048
1328,North Africa and Middle East,Sudan,2010,18125.107468,45673.432895
1329,North Africa and Middle East,Sudan,2011,18403.526609,45735.676874
1330,North Africa and Middle East,Sudan,2012,18726.032428,46014.517968
1331,North Africa and Middle East,Sudan,2013,19098.168531,46321.541654
1332,North Africa and Middle East,Sudan,2014,19398.232641,46732.992192
1333,North Africa and Middle East,Sudan,2015,19716.829854,47285.209123
1334,North Africa and Middle East,Sudan,2016,19959.350171,47911.460616
1335,North Africa and Middle East,Sudan,2017,19895.736663,48769.159018000006
1336,Latin America and Carribean,Suriname,2010,917.3461574700001,681.73009218
1337,Latin America and Carribean,Suriname,2011,923.14177692,682.9222912600001
1338,Latin America and Carribean,Suriname,2012,934.39478591,685.1632597099999
1339,Latin America and Carribean,Suriname,2013,961.15687311,704.11516041
1340,Latin America and Carribean,Suriname,2014,1012.5686433600001,732.48593585
1341,Latin America and Carribean,Suriname,2015,1056.0460579599999,778.87358031
1342,Latin America and Carribean,Suriname,2016,1080.61222717,804.57839411
1343,Latin America and Carribean,Suriname,2017,1092.6411664500001,814.7021818000001
1344,Europe,Sweden,2010,20688.8229229,17827.914683
1345,Europe,Sweden,2011,20669.294927,17675.972567
1346,Europe,Sweden,2012,20352.5191628,17198.120534
1347,Europe,Sweden,2013,20262.2255345,16814.655843
1348,Europe,Sweden,2014,20084.0490547,16428.040729
1349,Europe,Sweden,2015,19985.677136200004,16226.186521
1350,Europe,Sweden,2016,19821.506029,16104.457086
1351,Europe,Sweden,2017,19870.9494566,16303.603771000002
1352,Europe,Switzerland,2010,14738.272590500002,10492.828317
1353,Europe,Switzerland,2011,14523.801737099999,10185.142262
1354,Europe,Switzerland,2012,14648.599124800001,10237.864674999999
1355,Europe,Switzerland,2013,14696.391074599998,10209.173241999999
1356,Europe,Switzerland,2014,14438.809973799998,9982.16036
1357,Europe,Switzerland,2015,14446.400404099999,10084.446523
1358,Europe,Switzerland,2016,14200.810455199999,10049.059293
1359,Europe,Switzerland,2017,14137.1990198,10067.205968
1360,Asia,Syria,2010,13465.7090895,25234.900509
1361,Asia,Syria,2011,13737.8183783,25841.655947
1362,Asia,Syria,2012,13980.420975300001,26455.723592000002
1363,Asia,Syria,2013,14267.6320006,27219.263923000002
1364,Asia,Syria,2014,14589.1792169,27976.380018999997
1365,Asia,Syria,2015,14841.447502699999,28776.698056
1366,Asia,Syria,2016,15177.702266499999,29775.604831000004
1367,Asia,Syria,2017,15484.9636133,30724.894887000002
1368,Asia,Taiwan,2010,40250.764533199996,21552.434702
1369,Asia,Taiwan,2011,42684.8599714,22485.930353000003
1370,Asia,Taiwan,2012,42691.6513838,22448.812211999997
1371,Asia,Taiwan,2013,42763.377684,22281.787739
1372,Asia,Taiwan,2014,44368.5972253,23229.706898999997
1373,Asia,Taiwan,2015,44425.524845399996,23142.486848
1374,Asia,Taiwan,2016,46146.86103380001,24117.76857
1375,Asia,Taiwan,2017,47015.71901840001,24783.456609
1376,Asia,Tajikistan,2010,5404.1256797999995,11235.897769
1377,Asia,Tajikistan,2011,5487.0574306,11546.618244
1378,Asia,Tajikistan,2012,5481.5308847,11681.074375
1379,Asia,Tajikistan,2013,5496.5686432,11862.335083599999
1380,Asia,Tajikistan,2014,5603.9166555,12234.1962366
1381,Asia,Tajikistan,2015,5779.0708357,12746.1160471
1382,Asia,Tajikistan,2016,5941.8659724,13323.769487900001
1383,Asia,Tajikistan,2017,6135.9568668,13671.4916145
1384,Sub-Saharan Africa,Tanzania,2010,109685.436933,22570.095882
1385,Sub-Saharan Africa,Tanzania,2011,104951.575633,22970.403553000004
1386,Sub-Saharan Africa,Tanzania,2012,94975.27671500001,23786.061938
1387,Sub-Saharan Africa,Tanzania,2013,83718.56193999999,24608.282148
1388,Sub-Saharan Africa,Tanzania,2014,74177.266925,25248.565102
1389,Sub-Saharan Africa,Tanzania,2015,67486.807597,25928.903738999998
1390,Sub-Saharan Africa,Tanzania,2016,62998.25558499999,26705.688992
1391,Sub-Saharan Africa,Tanzania,2017,59467.814667,27445.67585
1392,Asia,Thailand,2010,116233.421031,64106.524753
1393,Asia,Thailand,2011,116847.04713199999,64178.845434
1394,Asia,Thailand,2012,117773.816512,63838.39483399999
1395,Asia,Thailand,2013,120123.37212399999,63637.433001
1396,Asia,Thailand,2014,123328.261976,65211.870245
1397,Asia,Thailand,2015,126083.60220499999,66779.29713
1398,Asia,Thailand,2016,129964.64157899999,70413.91024999999
1399,Asia,Thailand,2017,131624.918321,72914.87395000001
1400,Asia,Timor,2010,978.54526533,1461.8818679
1401,Asia,Timor,2011,1011.87531939,1508.1880173999998
1402,Asia,Timor,2012,1042.75512132,1549.3047815000002
1403,Asia,Timor,2013,1078.36765205,1601.4808548
1404,Asia,Timor,2014,1115.18719588,1661.7156686
1405,Asia,Timor,2015,1149.7875918000002,1724.0638370000001
1406,Asia,Timor,2016,1178.61946022,1788.7051951000003
1407,Asia,Timor,2017,1207.1494156600002,1851.0514650999999
1408,Sub-Saharan Africa,Togo,2010,11174.993097,4856.6296398
1409,Sub-Saharan Africa,Togo,2011,10647.223412700001,4982.2745738
1410,Sub-Saharan Africa,Togo,2012,10307.6916382,5109.1525954
1411,Sub-Saharan Africa,Togo,2013,9871.1096146,5217.2623972
1412,Sub-Saharan Africa,Togo,2014,9398.2370899,5331.0366834
1413,Sub-Saharan Africa,Togo,2015,8984.5775933,5457.760373900001
1414,Sub-Saharan Africa,Togo,2016,8303.347093299999,5584.2397703
1415,Sub-Saharan Africa,Togo,2017,7482.7686826,5738.7921182
1416,Oceania,Tonga,2010,114.009705572,162.19490027999998
1417,Oceania,Tonga,2011,114.34547134500002,162.50487945999998
1418,Oceania,Tonga,2012,114.747097224,163.15359895
1419,Oceania,Tonga,2013,115.21307060700002,163.97063429
1420,Oceania,Tonga,2014,115.573430881,164.58809668
1421,Oceania,Tonga,2015,115.726477251,164.91343998
1422,Oceania,Tonga,2016,115.77929856000002,165.37877337999998
1423,Oceania,Tonga,2017,116.00218905900002,165.94315976000001
1424,Latin America and Carribean,Trinidad and Tobago,2010,1744.68439087,2353.6362057
1425,Latin America and Carribean,Trinidad and Tobago,2011,1683.4562657499998,2266.3364642
1426,Latin America and Carribean,Trinidad and Tobago,2012,1717.1333307000002,2306.1525295
1427,Latin America and Carribean,Trinidad and Tobago,2013,1781.78579653,2439.774294
1428,Latin America and Carribean,Trinidad and Tobago,2014,1823.40396384,2530.1639197
1429,Latin America and Carribean,Trinidad and Tobago,2015,1860.06390915,2614.7883706
1430,Latin America and Carribean,Trinidad and Tobago,2016,1922.4136118699998,2757.4856498
1431,Latin America and Carribean,Trinidad and Tobago,2017,1961.96517213,2851.1638025
1432,North Africa and Middle East,Tunisia,2010,11920.355530199999,13898.6895258
1433,North Africa and Middle East,Tunisia,2011,12260.903278700001,14197.954012
1434,North Africa and Middle East,Tunisia,2012,12622.2281376,14535.1432001
1435,North Africa and Middle East,Tunisia,2013,13018.322255200002,14926.7472347
1436,North Africa and Middle East,Tunisia,2014,13425.0538548,15343.0411337
1437,North Africa and Middle East,Tunisia,2015,13844.2146826,15785.322080900001
1438,North Africa and Middle East,Tunisia,2016,14257.4593166,16223.505917100001
1439,North Africa and Middle East,Tunisia,2017,14658.0991013,16642.7203745
1440,Asia,Turkey,2010,94876.22197799999,60234.996855800004
1441,Asia,Turkey,2011,96016.8620253,60709.36301
1442,Asia,Turkey,2012,96939.1259009,61228.828312
1443,Asia,Turkey,2013,98509.54466849999,62812.743771
1444,Asia,Turkey,2014,100137.5686579,64968.755101
1445,Asia,Turkey,2015,99816.89588459999,65074.781977000006
1446,Asia,Turkey,2016,98822.31985400002,64707.588826
1447,Asia,Turkey,2017,98668.622665,65011.529148
1448,Asia,Turkmenistan,2010,6220.8364612,10494.9966444
1449,Asia,Turkmenistan,2011,6283.302342499999,10568.2218333
1450,Asia,Turkmenistan,2012,6485.221083199999,10845.3196738
1451,Asia,Turkmenistan,2013,6861.6796545,11258.4421747
1452,Asia,Turkmenistan,2014,7229.654723899999,11662.4875402
1453,Asia,Turkmenistan,2015,7444.6753985000005,11955.7598844
1454,Asia,Turkmenistan,2016,7618.794575000001,12152.8344311
1455,Asia,Turkmenistan,2017,7834.167701700001,12433.382457200001
1456,Sub-Saharan Africa,Uganda,2010,67084.5120937,10553.1440354
1457,Sub-Saharan Africa,Uganda,2011,63646.7113974,10523.1906181
1458,Sub-Saharan Africa,Uganda,2012,58584.568415600006,10668.6790567
1459,Sub-Saharan Africa,Uganda,2013,51918.7063862,10912.273684
1460,Sub-Saharan Africa,Uganda,2014,45061.12695020001,11122.235897999999
1461,Sub-Saharan Africa,Uganda,2015,40942.798438900005,11183.305236
1462,Sub-Saharan Africa,Uganda,2016,38436.484054500004,11406.689067000001
1463,Sub-Saharan Africa,Uganda,2017,36339.611511,11738.005359
1464,Europe,Ukraine,2010,250469.55029800002,286830.04483
1465,Europe,Ukraine,2011,241298.38271799998,274848.68256999995
1466,Europe,Ukraine,2012,242110.13745799998,274409.94125000003
1467,Europe,Ukraine,2013,238482.426675,271858.33284
1468,Europe,Ukraine,2014,230828.06011100003,259154.09175000002
1469,Europe,Ukraine,2015,282932.52457300003,298294.09099
1470,Europe,Ukraine,2016,275468.805795,289793.44687999994
1471,Europe,Ukraine,2017,260329.613781,277196.22961000004
1472,Asia,United Arab Emirates,2010,3452.3980543999996,2821.1180463
1473,Asia,United Arab Emirates,2011,3740.8575971999994,3170.5423205
1474,Asia,United Arab Emirates,2012,4079.0864408999996,3568.602774
1475,Asia,United Arab Emirates,2013,4440.2613607,3986.8076996
1476,Asia,United Arab Emirates,2014,4826.3509157,4445.574995
1477,Asia,United Arab Emirates,2015,5235.8216401,4924.005016700001
1478,Asia,United Arab Emirates,2016,5686.1968793,5439.8168697
1479,Asia,United Arab Emirates,2017,6164.8371314,5982.614197100001
1480,Europe,United Kingdom,2010,131698.259428,88048.51823
1481,Europe,United Kingdom,2011,128976.25325299999,85120.26537
1482,Europe,United Kingdom,2012,127987.78015100001,84203.03538
1483,Europe,United Kingdom,2013,129572.797298,84727.04394
1484,Europe,United Kingdom,2014,128323.58272900002,83264.40854
1485,Europe,United Kingdom,2015,130854.168677,84851.51014
1486,Europe,United Kingdom,2016,132122.54994300002,85399.99244
1487,Europe,United Kingdom,2017,132045.209452,86954.6688
1488,North America,United States,2010,631761.78295,432620.98257999995
1489,North America,United States,2011,639589.3804700001,439207.20954999997
1490,North America,United States,2012,642070.24722,441182.13957
1491,North America,United States,2013,648413.64678,445859.61988
1492,North America,United States,2014,655927.22037,450586.96810999996
1493,North America,United States,2015,667374.8464200001,458553.51724
1494,North America,United States,2016,686228.97561,471251.45660000003
1495,North America,United States,2017,695280.5205500001,481799.68787
1496,North America,United States Virgin Islands,2010,166.293877791,194.992579936
1497,North America,United States Virgin Islands,2011,168.59342656799998,192.75268465899998
1498,North America,United States Virgin Islands,2012,173.5347543,198.527858902
1499,North America,United States Virgin Islands,2013,178.32687717000002,206.72284776700002
1500,North America,United States Virgin Islands,2014,182.85201443,214.670303504
1501,North America,United States Virgin Islands,2015,190.21614146000002,223.97536628800003
1502,North America,United States Virgin Islands,2016,188.75981863,228.27568992
1503,North America,United States Virgin Islands,2017,191.05817646,237.40684182
1504,Latin America and Carribean,Uruguay,2010,7521.372915,6041.1222611
1505,Latin America and Carribean,Uruguay,2011,7616.458844300001,6236.9513038000005
1506,Latin America and Carribean,Uruguay,2012,7586.693125500001,6177.8734977
1507,Latin America and Carribean,Uruguay,2013,7433.6419417,6001.0785562
1508,Latin America and Carribean,Uruguay,2014,7245.258654699999,5821.4021385
1509,Latin America and Carribean,Uruguay,2015,7271.9824032,5888.4715217
1510,Latin America and Carribean,Uruguay,2016,7266.046300000001,5972.940322
1511,Latin America and Carribean,Uruguay,2017,7267.468953500001,6059.8939133
1512,Asia,Uzbekistan,2010,33457.151979300004,73648.65933
1513,Asia,Uzbekistan,2011,34386.6375658,74076.303755
1514,Asia,Uzbekistan,2012,35559.001831,75411.346928
1515,Asia,Uzbekistan,2013,36554.920923,76442.909874
1516,Asia,Uzbekistan,2014,37736.74192,76732.47105000001
1517,Asia,Uzbekistan,2015,38718.990741999994,77550.290615
1518,Asia,Uzbekistan,2016,39636.089276,78644.2501417
1519,Asia,Uzbekistan,2017,40549.154515,79934.4450761
1520,Oceania,Vanuatu,2010,279.76144851,555.91478075
1521,Oceania,Vanuatu,2011,288.4289642299999,573.00310212
1522,Oceania,Vanuatu,2012,297.0356053,590.3689164
1523,Oceania,Vanuatu,2013,305.56541079000004,608.1873653
1524,Oceania,Vanuatu,2014,314.58464432,626.8100155000001
1525,Oceania,Vanuatu,2015,324.05084446,647.1265457
1526,Oceania,Vanuatu,2016,333.04791544,669.2553875000001
1527,Oceania,Vanuatu,2017,340.96395534,689.3422507
1528,Latin America and Carribean,Venezuela,2010,33017.449899,26951.866027999997
1529,Latin America and Carribean,Venezuela,2011,34126.038873,27933.486988
1530,Latin America and Carribean,Venezuela,2012,35657.381585,29207.10523
1531,Latin America and Carribean,Venezuela,2013,36257.474777999996,30467.197463000004
1532,Latin America and Carribean,Venezuela,2014,37911.685006,33041.681997
1533,Latin America and Carribean,Venezuela,2015,39048.800408,34519.959846
1534,Latin America and Carribean,Venezuela,2016,39239.462021,34166.715391
1535,Latin America and Carribean,Venezuela,2017,40499.690624999996,35857.221917999996
1536,Asia,Vietnam,2010,167480.47772899998,113586.34349
1537,Asia,Vietnam,2011,171871.26723,114038.23858
1538,Asia,Vietnam,2012,175762.83522900002,114728.89574
1539,Asia,Vietnam,2013,179384.32945299998,115766.869823
1540,Asia,Vietnam,2014,182749.76776199997,117067.28390100002
1541,Asia,Vietnam,2015,185580.54774100002,118165.060016
1542,Asia,Vietnam,2016,188907.52699,120795.37489400001
1543,Asia,Vietnam,2017,192218.479176,123414.639363
1544,Asia,Yemen,2010,14816.71881195,32445.408918
1545,Asia,Yemen,2011,15234.33295303,33320.864116
1546,Asia,Yemen,2012,15676.68306125,34260.591858
1547,Asia,Yemen,2013,16142.508601380001,35252.558484
1548,Asia,Yemen,2014,16651.925398569998,36349.992440999995
1549,Asia,Yemen,2015,17315.10284219,37955.607959
1550,Asia,Yemen,2016,18043.448838660002,39718.18666
1551,Asia,Yemen,2017,18790.86224268,41534.404788
1552,Sub-Saharan Africa,Zambia,2010,45962.9113382,7518.249598
1553,Sub-Saharan Africa,Zambia,2011,42084.4987781,7665.284944
1554,Sub-Saharan Africa,Zambia,2012,38877.2882523,7796.524194
1555,Sub-Saharan Africa,Zambia,2013,35874.0989629,7935.739131
1556,Sub-Saharan Africa,Zambia,2014,32403.0591082,8088.496212
1557,Sub-Saharan Africa,Zambia,2015,29730.219452700003,8278.958010999999
1558,Sub-Saharan Africa,Zambia,2016,27938.2395262,8531.027649
1559,Sub-Saharan Africa,Zambia,2017,27054.542215300004,8839.711195
1560,Sub-Saharan Africa,Zimbabwe,2010,81537.8307535,13014.803127000001
1561,Sub-Saharan Africa,Zimbabwe,2011,66153.2618835,12556.153032000002
1562,Sub-Saharan Africa,Zimbabwe,2012,55322.796133100004,12210.775599999999
1563,Sub-Saharan Africa,Zimbabwe,2013,47760.309345300004,11980.611097
1564,Sub-Saharan Africa,Zimbabwe,2014,40841.2870649,11876.22853
1565,Sub-Saharan Africa,Zimbabwe,2015,37180.0368221,11833.590664
1566,Sub-Saharan Africa,Zimbabwe,2016,34718.0883168,11893.339595
1567,Sub-Saharan Africa,Zimbabwe,2017,32804.9350922,12028.938417
